time,Mbol,u_lsst,g_lsst,r_lsst,i_lsst,z_lsst,Y_lsst,col9
5.207623048E9,-4.192715068,-1.5112432305743,-3.56591045523465,-4.26205028967506,-4.45851746814456,-4.52646670312033,-4.56140046090253,10.7762
5.207625225E9,-4.188412631,-1.49941642329697,-3.5585615837517,-4.25680913317753,-4.45405605829057,-4.522532416769,-4.55764419725358,10.7762
5.207627402E9,-4.183619972,-1.48630175492554,-3.55039847226024,-4.2509773590849,-4.44908701835892,-4.51814669031675,-4.55345543397285,10.7762
5.207629578E9,-4.178902559,-1.47346271094818,-3.54239050590275,-4.24524481188913,-4.44419681799581,-4.5138261261942,-4.54932717431727,10.7762
5.207631755E9,-4.174468296,-1.4614740681115,-3.5348940744194,-4.23986511830849,-4.43960108233892,-4.50976066690774,-4.54544068711638,10.7762
5.207633932E9,-4.170174541,-1.44994128929122,-3.52766460143603,-4.2346642481609,-4.4351518706369,-4.50582000771999,-4.5416716275663,10.7762
5.207636109E9,-4.166026984,-1.43887988425348,-3.52071176159155,-4.22964911965197,-4.43085508201173,-4.50200936081847,-4.53802497782919,10.7762
5.207638285E9,-4.161997999,-1.42821322595369,-3.51398810813715,-4.22478600476884,-4.42668206193353,-4.49830350256727,-4.53447667523056,10.7762
5.207640462E9,-4.157879849,-1.41736677576355,-3.50713746921616,-4.21982145934926,-4.42241735711969,-4.49451266074811,-4.53084562605175,10.7762
5.207642639E9,-4.153739801,-1.40652645562887,-3.50027514034889,-4.21483753947947,-4.41813073239538,-4.49069829472304,-4.52719048592935,10.7762
5.207644816E9,-4.149624506,-1.39582132937262,-3.493481130239,-4.20989116652843,-4.41387057263605,-4.48690302165043,-4.52355192525131,10.7762
5.207646992E9,-4.145497655,-1.38515119636566,-3.48669327698929,-4.20493806789075,-4.40959922318123,-4.48309366287529,-4.5198982796341,10.7762
5.207649169E9,-4.141336921,-1.37445452709595,-3.47987339261761,-4.19995102960207,-4.40529353078427,-4.47924981284037,-4.51621007400571,10.7762
5.207651346E9,-4.137159985,-1.36354491015457,-3.47301952437107,-4.19488821723709,-4.40089056236454,-4.47532139088603,-4.51244455554149,10.7762
5.207653523E9,-4.132908957,-1.35229258891049,-3.46603654678075,-4.18968719419114,-4.39634080394491,-4.47126409899025,-4.50855881275777,10.7762
5.2076557E9,-4.128496851,-1.34064686695911,-3.45880131091867,-4.18429303542888,-4.39161969811198,-4.4670520015362,-4.50452404172014,10.7762
5.207657876E9,-4.124104699,-1.32912887597627,-3.45162682669195,-4.17893223206165,-4.38692230991726,-4.46285647830613,-4.50050335208247,10.7762
5.207660053E9,-4.119765064,-1.31783181101056,-3.44456919632269,-4.17364545951835,-4.38228371045222,-4.45870837584269,-4.49652611698244,10.7762
5.20766223E9,-4.115479774,-1.30676045239994,-3.43763140368231,-4.16843494773387,-4.37770585547222,-4.45460944275413,-4.49259401469798,10.7762
5.207664407E9,-4.111330441,-1.29614984141717,-3.43095459553681,-4.16340281479804,-4.37327668553061,-4.45063693411327,-4.48878056741439,10.7762
5.207666583E9,-4.107311876,-1.28598527565279,-3.42452988813082,-4.15854259678905,-4.36899061696274,-4.44678593013943,-4.48508108744002,10.7762
5.20766876E9,-4.103387491,-1.27616184781666,-3.41829417836704,-4.15380856824442,-4.36480823982329,-4.44302178178458,-4.48146258985181,10.7762
5.207670937E9,-4.099477493,-1.26645016839913,-3.4121096251032,-4.14910093738323,-4.36064358885662,-4.43926894592318,-4.47785317570215,10.7762
5.207673114E9,-4.095625287,-1.25697557164709,-3.40605141865972,-4.1444740542971,-4.35654344493055,-4.43556849908942,-4.47429192841853,10.7762
5.20767529E9,-4.091783715,-1.24760185394576,-3.40003786001397,-4.13986886630239,-4.35245698312309,-4.43187581740642,-4.47073639376143,10.7762
5.207677467E9,-4.08792311,-1.23824253308368,-3.39401725744526,-4.1352481286783,-4.3483522054473,-4.42816285611245,-4.46715991171118,10.7762
5.207679644E9,-4.084018279,-1.22882342636014,-3.38794543949986,-4.1305801252439,-4.34420191690606,-4.42440582568523,-4.46353988680348,10.7762
5.207681821E9,-4.080072371,-1.21935180453384,-3.38182718565494,-4.1258685822739,-4.34000945593633,-4.42060776965904,-4.45987926258169,10.7762
5.207683997E9,-4.076021832,-1.20964313859323,-3.37555203522171,-4.12103380043695,-4.33570629838006,-4.4167085852641,-4.4561208864734,10.7762
5.207686174E9,-4.071885954,-1.19975264437626,-3.36915322875525,-4.11609987864189,-4.33131322301787,-4.41272654871877,-4.45228216292477,10.7762
5.207688351E9,-4.067723128,-1.18984944373234,-3.36273210600785,-4.11113999288701,-4.32689317730798,-4.40871689961112,-4.44841563652217,10.7762
5.207690528E9,-4.063547164,-1.17997511304508,-3.35631322529044,-4.10617163857441,-4.32246109923557,-4.40469265154497,-4.44453364890348,10.7762
5.207692705E9,-4.059259542,-1.16984780978012,-3.34972692536878,-4.10107177034192,-4.31791089705611,-4.40056049582631,-4.4405473699021,10.7762
5.207694881E9,-4.054904043,-1.15959526124311,-3.34304953466573,-4.09589536493381,-4.31328979752026,-4.39636182072692,-4.43649614693491,10.7762
5.207697058E9,-4.050419941,-1.14904313322335,-3.33617625472198,-4.09056650732044,-4.30853239070829,-4.39203913671404,-4.43232526906808,10.7762
5.207699235E9,-4.045913838,-1.13849792803072,-3.32929124595799,-4.08521852134167,-4.30375352256888,-4.3876933607186,-4.42813077744088,10.7762
5.207701412E9,-4.041408839,-1.12802409987483,-3.32243368762258,-4.07988006818865,-4.29897802363435,-4.38334643245795,-4.42393360124998,10.7762
5.207703588E9,-4.036961732,-1.1177816881807,-3.31570047221716,-4.07462178395711,-4.29426697038693,-4.37905221635335,-4.41978507854384,10.7762
5.207705765E9,-4.03257799,-1.10778192018729,-3.30909937151179,-4.06944997545747,-4.28962611716731,-4.37481604257251,-4.41569039110403,10.7762
5.207707942E9,-4.02815349,-1.09772059413801,-3.30244872125636,-4.06423384534405,-4.28494314298016,-4.37053951128174,-4.41155602202388,10.7762
5.207710119E9,-4.023722125,-1.08769315270138,-3.29580632315898,-4.05901554292504,-4.2802544983014,-4.36625477351058,-4.40741261664738,10.7762
5.207712295E9,-4.019353501,-1.077900861721,-3.2892928377242,-4.05388225612966,-4.27563520338675,-4.36202767811453,-4.40332280651043,10.7762
5.207714472E9,-4.015050202,-1.06835416097763,-3.28291384979199,-4.04883757555965,-4.2710881356695,-4.35786056977965,-4.39928874792157,10.7762
5.207716649E9,-4.010771661,-1.05893983241029,-3.27660056088228,-4.04383117445407,-4.26656970111744,-4.35371493621177,-4.39527371128696,10.7762
5.207718826E9,-4.00644797,-1.04920412094373,-3.27016792009242,-4.03870880064982,-4.26193957482354,-4.34947654559877,-4.39117974774294,10.7762
5.207721002E9,-4.00222463,-1.0396811081876,-3.26389711919691,-4.03368246633533,-4.25738342321043,-4.3453042695125,-4.38715318187543,10.7762
5.207723179E9,-3.998035996,-1.0303345812299,-3.25771378782025,-4.02871012209799,-4.25286933997191,-4.34116455261461,-4.38315563885335,10.7762
5.207725356E9,-3.993912892,-1.0212575924366,-3.25167229107049,-4.02383149062366,-4.24843167175634,-4.33708741459103,-4.37921549150421,10.7762
5.207727533E9,-3.990013644,-1.01292842427981,-3.24605198808823,-4.01925064594305,-4.24424685121041,-4.33322704209496,-4.37547845741895,10.7762
5.20772971E9,-3.986102737,-1.00463305484083,-3.24043637978247,-4.01466368939825,-4.24005230292466,-4.3293541164719,-4.37172786915448,10.7762
5.207731886E9,-3.982225126,-0.996506623472469,-3.23490454498083,-4.01012847997896,-4.23589809238847,-4.32551242973994,-4.36800513073866,10.7762
5.207734063E9,-3.978463214,-0.988798269406639,-3.22960195350999,-4.00575125753671,-4.23187605323753,-4.32178222327609,-4.36438606606079,10.7762
5.20773624E9,-3.974744091,-0.981287893834316,-3.22440001333834,-4.001438064256,-4.22790494311119,-4.31809248911141,-4.36080356171682,10.7762
5.207738417E9,-3.971035225,-0.973878164815647,-3.21924166781128,-3.99714708971164,-4.22394855361407,-4.31441152882789,-4.35722763659111,10.7762
5.207740593E9,-3.967396041,-0.966750050812146,-3.21423229565459,-3.99295511639587,-4.22007316920912,-4.31079718260924,-4.3537129102398,10.7762
5.20774277E9,-3.963674591,-0.959444353923195,-3.20910373537661,-3.98866626944463,-4.2161094655211,-4.30710148883631,-4.35011956694572,10.7762
5.207744947E9,-3.960021901,-0.952417993561331,-3.2041227051474,-3.98447530041303,-4.21222576168664,-4.30347150046816,-4.34658654863576,10.7762
5.207747124E9,-3.956377209,-0.945486321307297,-3.19918159762829,-3.98030374970171,-4.20835429948895,-4.29984806811121,-4.34305798840564,10.7762
5.2077493E9,-3.952668783,-0.938431183794878,-3.19415332113876,-3.97605897175078,-4.20441508385752,-4.29616137108847,-4.33946795057801,10.7762
5.207751477E9,-3.948979663,-0.931502751480934,-3.18918413682789,-3.9718479109919,-4.20050061102917,-4.29249228111531,-4.33589286930048,10.7762
5.207753654E9,-3.945461494,-0.925158813520138,-3.1845414748621,-3.96786598517688,-4.19677983024443,-4.28898845754413,-4.33247226554842,10.7762
5.207755831E9,-3.942196971,-0.919648356106451,-3.18037092092138,-3.96421967293846,-4.19334483362118,-4.28573042424349,-4.32928222908873,10.7762
5.207758007E9,-3.939118868,-0.914766350709257,-3.17655314690328,-3.96082207222046,-4.19012061670796,-4.28265274867847,-4.32626097188045,10.7762
5.207760184E9,-3.93631118,-0.91076493960191,-3.17323574627115,-3.95778123718189,-4.18720068050971,-4.27983723035213,-4.32348580296319,10.7762
5.207762361E9,-3.933702627,-0.90742657505628,-3.17029213989388,-3.95500500538379,-4.18450549170455,-4.27721449534453,-4.32089121868998,10.7762
5.207764538E9,-3.931231585,-0.904563632537527,-3.16761306386984,-3.95241375832469,-4.1819663144265,-4.27472456178945,-4.31842057513269,10.7762
5.207766715E9,-3.928896919,-0.902172330999521,-3.16519637837952,-3.95000598594416,-4.17958186003043,-4.27236632256214,-4.3160728240858,10.7762
5.207768891E9,-3.926955983,-0.901031192486515,-3.16349648545958,-3.94811352956914,-4.17763888998771,-4.27039029998991,-4.31408458751971,10.7762
5.207771068E9,-3.925157335,-0.900379264481159,-3.16206927929181,-3.94641212547824,-4.17585719159688,-4.26855170570173,-4.31222463135267,10.7762
5.207773245E9,-3.923343164,-0.899738416933693,-3.16063584001099,-3.94469819008633,-4.17406087872663,-4.26669692233729,-4.31034786853862,10.7762
5.207775422E9,-3.921587703,-0.899332341086114,-3.15932691784694,-3.94306732915598,-4.17233262410092,-4.26489822572431,-4.30852258369581,10.7762
5.207777598E9,-3.919658728,-0.898458145000855,-3.1577323439918,-3.94122005539089,-4.17041365371504,-4.26292956804457,-4.30653528734255,10.7762
5.207779775E9,-3.917318295,-0.896396089981442,-3.15543203531982,-3.93884956821729,-4.16803885745872,-4.26055934305243,-4.30416725244279,10.7762
5.207781952E9,-3.91463011,-0.893338685098494,-3.15253841707228,-3.93603798865763,-4.16527922665135,-4.2578495865649,-4.30147710108261,10.7762
5.207784129E9,-3.911721063,-0.889668898314321,-3.14927521762938,-3.93294881986599,-4.1622761153781,-4.25492384283978,-4.29858155406096,10.7762
5.207786305E9,-3.908652451,-0.885570890381723,-3.14575020860192,-3.92966093747348,-4.15909777014009,-4.25184180953595,-4.2955370355614,10.7762
5.207788482E9,-3.905625457,-0.881652087201788,-3.14231816421944,-3.92643359887531,-4.15596829069087,-4.24879933101062,-4.29252852751338,10.7762
5.207790659E9,-3.902700462,-0.878094615820929,-3.13908548975923,-3.92334459045875,-4.15295492111279,-4.24585518193418,-4.28961153944527,10.7762
5.207792836E9,-3.899891687,-0.874941114842344,-3.13607714540988,-3.92041219824717,-4.15007348077401,-4.24302320286049,-4.28679914049778,10.7762
5.207795012E9,-3.897065288,-0.871785987772142,-3.13305656849991,-3.91746375151429,-4.14717481539383,-4.24017313418494,-4.28396834154428,10.7762
5.207797189E9,-3.89439496,-0.869153112922613,-3.13032983554063,-3.91472300952651,-4.14445236043431,-4.23747405021221,-4.28127882446835,10.7762
5.207799366E9,-3.891969447,-0.867309701098723,-3.12805314977554,-3.91230423473895,-4.1420049132078,-4.2350123294698,-4.27881216364495,10.7762
5.207801543E9,-3.89007896,-0.867132805744221,-3.12673851640071,-3.91058150639114,-4.14015572226225,-4.23307040134268,-4.27683501484687,10.7762
5.20780372E9,-3.888684795,-0.868505213290865,-3.12631752421506,-3.90950489697206,-4.13886163266251,-4.2316105668542,-4.27531174089275,10.7762
5.207805896E9,-3.88789082,-0.871740192818939,-3.12697315827022,-3.90920820363064,-4.13823827814761,-4.23073388814081,-4.27433773262294,10.7762
5.207808073E9,-3.887339817,-0.875756401496125,-3.12807450436343,-3.90923073813694,-4.13788765720205,-4.2300927194026,-4.27358475419361,10.7762
5.20781025E9,-3.88698552,-0.880412796566117,-3.12953947436437,-3.90951270327669,-4.13775816489804,-4.22964204061812,-4.27301030877589,10.7762
5.207812427E9,-3.886858965,-0.885802662400488,-3.13142261985372,-3.91009403519278,-4.13788433132799,-4.22941204789725,-4.27264289633908,10.7762
5.207814603E9,-3.886829723,-0.89153120283738,-3.13349359509923,-3.91080653011243,-4.13812084306766,-4.22927581267822,-4.27236268228487,10.7762
5.20781678E9,-3.887014031,-0.897948303233663,-3.13595694085533,-3.91179983255893,-4.13859708663942,-4.22934646081298,-4.27227648358059,10.7762
5.207818957E9,-3.887009391,-0.903835054644021,-3.1381016642332,-3.91255480803956,-4.13886465479301,-4.22923236351751,-4.27201464992722,10.7762
5.207821134E9,-3.886732264,-0.908936955290092,-3.13977966096131,-3.91296351704785,-4.13883042421545,-4.228852281674,-4.27150056213704,10.7762
5.20782331E9,-3.886350159,-0.91375892966596,-3.14128597044124,-3.91324170640931,-4.13868090271522,-4.22836924601779,-4.27088816505608,10.7762
5.207825487E9,-3.886258532,-0.919494460001013,-3.14331760995162,-3.91389889182399,-4.13885642758626,-4.22816807058166,-4.2705407314852,10.7762
5.207827664E9,-3.886396378,-0.925956318384332,-3.14576589693669,-3.91485606727923,-4.13928890815818,-4.22818942989327,-4.27040231153949,10.7762
5.207829841E9,-3.887135763,-0.93426555847902,-3.14928591101033,-3.91659236795821,-4.1403925163424,-4.22879537165361,-4.27081468055311,10.7762
5.207832017E9,-3.888078383,-0.943215870237578,-3.15317405958149,-3.9185940608237,-4.14172353808588,-4.22959837809017,-4.27141210919743,10.7762
5.207834194E9,-3.889334189,-0.953075095782941,-3.15760732851849,-3.92098621041987,-4.14338856544592,-4.23069373854797,-4.2722871668466,10.7762
5.207836371E9,-3.891090706,-0.963859776609435,-3.1627734724713,-3.92386612477817,-4.14545783310558,-4.23216083450601,-4.27353772176248,10.7762
5.207838548E9,-3.893206373,-0.975693750572087,-3.16856526360708,-3.92719705775662,-4.14791414146777,-4.23396667005278,-4.27510946630445,10.7762
5.207840725E9,-3.895484497,-0.988008330079849,-3.17464205983872,-3.9307326829157,-4.15054561997899,-4.23592537593909,-4.27682584194744,10.7762
5.207842901E9,-3.897825774,-1.00051504653776,-3.18083138223352,-3.93434847716644,-4.15324526201428,-4.23794316212605,-4.27859779473586,10.7762
5.207845078E9,-3.900426177,-1.01377319114869,-3.18746983810649,-3.93828898379878,-4.15622390944535,-4.24020541986989,-4.28060156312309,10.7762
5.207847255E9,-3.903184264,-1.02748622064737,-3.19438054003292,-3.94242677630246,-4.15937219341976,-4.2426164020515,-4.28274628086668,10.7762
5.207849432E9,-3.906160135,-1.04182339081697,-3.20166585490794,-3.94683657722097,-4.16275469590386,-4.2452330268988,-4.28508609835138,10.7762
5.207851608E9,-3.909430174,-1.05700184792201,-3.20945663731449,-3.95161359656662,-4.16645355856352,-4.24812756282053,-4.28768971538465,10.7762
5.207853785E9,-3.913474868,-1.07439989038825,-3.21858071496415,-3.95735823184003,-4.17098590923714,-4.25175425803331,-4.29098871469008,10.7762
5.207855962E9,-3.918098679,-1.09345252962743,-3.22869958894654,-3.96382564730392,-4.17614113628909,-4.25592832877265,-4.29480756664699,10.7762
5.207858139E9,-3.923308374,-1.11417784142116,-3.23982435869545,-3.97102413050667,-4.18192645646632,-4.26065617473843,-4.29915233765899,10.7762
5.207860315E9,-3.929344023,-1.13726423739864,-3.25236847659126,-3.97925362422604,-4.18860021029624,-4.26616471357781,-4.30423857299713,10.7762
5.207862492E9,-3.935961037,-1.16200500334391,-3.26590857725008,-3.98820788222022,-4.19589897213713,-4.27222283954612,-4.30984677558508,10.7762
5.207864669E9,-3.943057444,-1.18810270969686,-3.28026709764619,-3.99775889147706,-4.20371282300456,-4.27873428410453,-4.31588556907186,10.7762
5.207866846E9,-3.950956207,-1.21588914476101,-3.29590754450386,-4.00815185137645,-4.21219473820965,-4.28584660937933,-4.32250939252397,10.7762
5.207869022E9,-3.959371319,-1.24436592950259,-3.31230736438296,-4.01898307597233,-4.22098117711542,-4.29324470148833,-4.32942323488404,10.7762
5.207871199E9,-3.968063058,-1.27356722538371,-3.32916357408103,-4.03014693473882,-4.23005389283086,-4.3008969330671,-4.33657973899308,10.7762
5.207873376E9,-3.977106786,-1.30369567411113,-3.34660283272197,-4.04173467835828,-4.23949095751328,-4.30887235436258,-4.3440448188374,10.7762
5.207875553E9,-3.986056978,-1.33352059683627,-3.3638635820965,-4.05320323326929,-4.24883042942109,-4.31676444852189,-4.35143118836929,10.7762
5.20787773E9,-3.995043988,-1.36339619850745,-3.38116640019103,-4.06471085441853,-4.25820739844333,-4.32469247745365,-4.35885262627245,10.7762
5.207879906E9,-4.004617704,-1.39483235047265,-3.39944765173688,-4.07692681682781,-4.2681919028425,-4.33315864304234,-4.36678777731016,10.7762
5.207882083E9,-4.014652028,-1.42747865420569,-3.41849095633174,-4.08969717911712,-4.27865317152645,-4.34204798779386,-4.37512716181136,10.7762
5.20788426E9,-4.025334245,-1.46170978146077,-3.43858020016779,-4.1032142405952,-4.28974481407472,-4.35150062154524,-4.38400492745914,10.7762
5.207886437E9,-4.037049799,-1.49715372601526,-3.46001766419652,-4.11757733102999,-4.30144228093033,-4.36154306360772,-4.39345223756949,10.7762
5.207888613E9,-4.04916365,-1.53358136824544,-3.48209577922725,-4.13240645403009,-4.31353904395113,-4.37194251521418,-4.40324129891285,10.7762
5.20789079E9,-4.061380599,-1.57021157492066,-3.50431839775188,-4.14735082293658,-4.32573950893249,-4.3824377653971,-4.41312318507079,10.7762
5.207892967E9,-4.073486245,-1.60647586928555,-3.52632476249924,-4.16215556020885,-4.33782899889166,-4.39283920194635,-4.42291724760338,10.7762
5.207895144E9,-4.085208399,-1.64165450254496,-3.54765767976692,-4.17649729256149,-4.34953496164556,-4.40290597906902,-4.43239398388294,10.7762
5.20789732E9,-4.096730188,-1.6762253348075,-3.56862234213444,-4.19059297543203,-4.36104082325553,-4.41280065223871,-4.4417085071055,10.7762
5.207899497E9,-4.107924498,-1.70969103381991,-3.58897564215234,-4.20425782944828,-4.37217736037855,-4.42237740303852,-4.45072096756572,10.7762
5.207901674E9,-4.118548844,-1.74000029178594,-3.60805667959647,-4.21690543679677,-4.38232774227088,-4.43112230798552,-4.45893281342757,10.7762
5.207903851E9,-4.129182579,-1.77024787524425,-3.62711750247563,-4.22955609948364,-4.3924897480618,-4.43988300417971,-4.46716209661953,10.7762
5.207906028E9,-4.139452769,-1.79949858246797,-3.64554109817147,-4.24177743705467,-4.40230320634788,-4.44834008013213,-4.47510474717529,10.7762
5.207908204E9,-4.149414356,-1.82788792841231,-3.66341751379422,-4.25363296121805,-4.41182124783313,-4.4565408565485,-4.48280590301717,10.7762
5.207910381E9,-4.159027962,-1.85531554417968,-3.68068099806273,-4.26507688435022,-4.42100589162275,-4.46445180231118,-4.49023371096903,10.7762
5.207912558E9,-4.168576239,-1.88248595481237,-3.69779750803688,-4.27643654314308,-4.43013024628653,-4.47231545911898,-4.49761921387402,10.7762
5.207914735E9,-4.17752293,-1.90805945169464,-3.71388194258479,-4.28709066587727,-4.43867625511941,-4.47967207565529,-4.50452460135094,10.7762
5.207916911E9,-4.185793095,-1.93184869251012,-3.7288106428306,-4.29695243774958,-4.44657152615649,-4.48645746454571,-4.51088877531201,10.7762
5.207919088E9,-4.193651477,-1.95367070472519,-3.74264324731333,-4.30617812008722,-4.45393047610278,-4.49278911950076,-4.51680357729733,10.7762
5.207921265E9,-4.20065381,-1.97283137173402,-3.75483232077451,-4.31432696796886,-4.46039323360575,-4.49833982239238,-4.521967236448,10.7762
5.207923442E9,-4.206646407,-1.9895322731345,-3.76538596541474,-4.32132516956606,-4.46590906370729,-4.50305350912425,-4.52634023168295,10.7762
5.207925618E9,-4.211887698,-2.0043830330587,-3.77471466556134,-4.32746560171325,-4.47072130826339,-4.50714678339585,-4.53012791428763,10.7762
5.207927795E9,-4.216139529,-2.01682574295021,-3.78244189838054,-4.33247872621928,-4.47460552019834,-4.51041966153546,-4.53314058782128,10.7762
5.207929972E9,-4.219656182,-2.02746048288962,-3.78897163347336,-4.33665273261274,-4.47780112425967,-4.51308522988236,-4.5355802545359,10.7762
5.207932149E9,-4.222522614,-2.03648896005301,-3.79443936840817,-4.34008401425418,-4.48038805234676,-4.51521455393944,-4.53751424655181,10.7762
5.207934325E9,-4.22451843,-2.04339518616958,-3.79849678652443,-4.34252315801231,-4.48215857847525,-4.51662252506099,-4.53876696573201,10.7762
5.207936502E9,-4.225900823,-2.04878583380931,-3.80155232881656,-4.34426161999445,-4.48335488320742,-4.51752468159683,-4.53954273953137,10.7762
5.207938679E9,-4.226783679,-2.05293027173568,-3.80378716676486,-4.34542852131008,-4.48408416833054,-4.51801638492649,-4.53993194578234,10.7762
5.207940856E9,-4.227118108,-2.0557155891624,-3.80512468999097,-4.34596866750607,-4.48430027661076,-4.51805640116039,-4.53989541840284,10.7762
5.207943033E9,-4.226994257,-2.05735504341373,-3.80570831768141,-4.34598426727516,-4.48408806237555,-4.5177202080644,-4.53950468863425,10.7762
5.207945209E9,-4.226497699,-2.05805097258862,-3.80567414442718,-4.34557233332617,-4.48352807953302,-4.51707946182846,-4.5388276679195,10.7762
5.207947386E9,-4.225595571,-2.05772784700492,-3.80497082306395,-4.34469579477694,-4.48258928385402,-4.516106401913,-4.53783797439609,10.7762
5.207949563E9,-4.224368196,-2.05657560300108,-3.80372609559106,-4.34344571155135,-4.48134728683479,-4.51486828289601,-4.5365993456249,10.7762
5.20795174E9,-4.223030313,-2.05510010002208,-3.80228064233422,-4.3420653585738,-4.48000432825357,-4.5135451110094,-4.53528243407558,10.7762
5.207953916E9,-4.221431031,-2.05294802891632,-3.80039596693882,-4.34038397249674,-4.4784181931808,-4.51201015506247,-4.53376701959617,10.7762
5.207956093E9,-4.2196463,-2.05029901376569,-3.7981928542348,-4.33848765453227,-4.47666037562735,-4.51032699763053,-4.53211335543415,10.7762
5.20795827E9,-4.217839071,-2.04753697721021,-3.79592983421308,-4.33656101106267,-4.47488433914356,-4.5086322194011,-4.5304509197184,10.7762
5.207960447E9,-4.215872232,-2.04434098579874,-3.79339023586014,-4.3344488818195,-4.4729608499713,-4.5068106488995,-4.52867045413105,10.7762
5.207962623E9,-4.213922894,-2.04112866339289,-3.79085518343957,-4.33235194035334,-4.4710566907079,-4.50501069019082,-4.52691263068868,10.7762
5.2079648E9,-4.211956095,-2.03781850757614,-3.78826956208922,-4.33023064928101,-4.46913889179505,-4.50320293575932,-4.52514953929738,10.7762
5.207966977E9,-4.209910032,-2.03426670912215,-3.78553605354322,-4.32801513953376,-4.46714915912389,-4.50133537097766,-4.52333180473218,10.7762
5.207969154E9,-4.207843428,-2.03061266895149,-3.7827482424432,-4.32577202139354,-4.46514274509859,-4.49945708736277,-4.52150592544994,10.7762
5.20797133E9,-4.205879647,-2.02714723355414,-3.78010191291023,-4.3236410646645,-4.46323582204978,-4.49767145308682,-4.5197698830118,10.7762
5.207973507E9,-4.203930316,-2.02366404432257,-3.77745761442831,-4.32152230389934,-4.46134507032517,-4.49590417793302,-4.51805318342087,10.7762
5.207975684E9,-4.201863104,-2.01985338452584,-3.77460625053637,-4.31926599340306,-4.45934576087648,-4.49404410778752,-4.51625038059907,10.7762
5.207977861E9,-4.199978175,-2.01642179267992,-3.77202372875167,-4.31721212167921,-4.45752061573945,-4.4923428869052,-4.51460004614618,10.7762
5.207980038E9,-4.198111099,-2.01298390370719,-3.76945002079583,-4.31517457741791,-4.45571467673835,-4.49066246093079,-4.51297123416905,10.7762
5.207982214E9,-4.196218998,-2.00944032765489,-3.7668177650032,-4.31310491783527,-4.45388748131249,-4.48896669766193,-4.51132963210177,10.7762
5.207984391E9,-4.194441009,-2.00611889911161,-3.76434768896568,-4.31116076517647,-4.45217006539543,-4.48737220116461,-4.50978577303302,10.7762
5.207986568E9,-4.192773049,-2.00301093634187,-3.76203369060838,-4.30933756878404,-4.45055853737321,-4.48587543475299,-4.5083362684905,10.7762
5.207988745E9,-4.191149869,-1.99996429937912,-3.75977290210125,-4.30756153936432,-4.44899136817909,-4.48442152252958,-4.50692903939876,10.7762
5.207990921E9,-4.189679335,-1.99723317222373,-3.75773645055362,-4.30595487502136,-4.44757014210075,-4.48310085607108,-4.50564976899322,10.7762
5.207993098E9,-4.188407464,-1.99492627581583,-3.75599745133786,-4.30456972880793,-4.44633818233656,-4.48195196169662,-4.50453496543424,10.7762
5.207995275E9,-4.187201985,-1.99273365315006,-3.75434675607242,-4.30325639406096,-4.44517083511809,-4.48086378488639,-4.50347929283761,10.7762
5.207997452E9,-4.186041812,-1.99060624268806,-3.75275116382847,-4.30199103325329,-4.44404821140643,-4.47981857927024,-4.50246590542233,10.7762
5.207999628E9,-4.185098573,-1.98894774255354,-3.75148265697623,-4.30096801797192,-4.4431319808588,-4.47896025652319,-4.50163124571531,10.7762
5.208001805E9,-4.184278681,-1.98753887152675,-3.75039326602314,-4.30008142709424,-4.442333944669,-4.47821023852952,-4.50090078116018,10.7762
5.208003982E9,-4.183621638,-1.98647299194979,-3.74954576877953,-4.29937603275986,-4.44169129074113,-4.47760159316915,-4.50030584620227,10.7762
5.208006159E9,-4.183203158,-1.98592813333308,-3.74906012257135,-4.29893757661526,-4.44127534314783,-4.47719781336885,-4.49990664005994,10.7762
5.208008335E9,-4.182977277,-1.98579673171425,-3.74886370726858,-4.29871404742883,-4.44104277760791,-4.47696029029943,-4.49966653661328,10.7762
5.208010512E9,-4.182903905,-1.98598508299414,-3.74889323023921,-4.29866009030664,-4.44095580090778,-4.47685533590307,-4.49955357375801,10.7762
5.208012689E9,-4.183016486,-1.98657180831204,-3.74920167094623,-4.2988135770767,-4.4410459188058,-4.47691099775503,-4.4995943446175,10.7762
5.208014866E9,-4.183301273,-1.98752485752553,-3.74976735838077,-4.29915896174733,-4.44130016782806,-4.47711571409742,-4.49977787666358,10.7762
5.208017043E9,-4.183714334,-1.98874151970974,-3.75052092533149,-4.29964654115264,-4.44167713413661,-4.47743257255311,-4.50006915009437,10.7762
5.208019219E9,-4.184311203,-1.99035241279031,-3.75155037299135,-4.30033920743567,-4.4422291298842,-4.47790813900479,-4.50051231389765,10.7762
5.208021396E9,-4.185141473,-1.99247421607904,-3.75293430239685,-4.30129312749635,-4.44300286923483,-4.47858399347931,-4.50114678864055,10.7762
5.208023573E9,-4.18611376,-1.99489266320959,-3.7545281743567,-4.30240486320514,-4.44391223656042,-4.47938342864219,-4.50189982329007,10.7762
5.20802575E9,-4.18730278,-1.99778362093136,-3.75645044074794,-4.30375904125073,-4.44502760666675,-4.48036907909471,-4.50283079673802,10.7762
5.208027926E9,-4.188745022,-2.00123290058611,-3.75875891921251,-4.30539698454294,-4.44638335218345,-4.48157154310806,-4.50396871975176,10.7762
5.208030103E9,-4.190374137,-2.00508506791025,-3.76134872294239,-4.30724360343579,-4.44791694262033,-4.48293511230981,-4.50526075256276,10.7762
5.20803228E9,-4.192039228,-2.00898586419307,-3.76398100199722,-4.30912806068274,-4.44948620275463,-4.4843331799652,-4.50658683571414,10.7762
5.208034457E9,-4.193775117,-2.01301723026803,-3.76671095396808,-4.31108979575478,-4.45112393245577,-4.48579494100017,-4.50797464781393,10.7762
5.208036633E9,-4.195589598,-2.01719793071712,-3.76955110622598,-4.31313767074295,-4.45283745207185,-4.48732687964259,-4.50943032084697,10.7762
5.20803881E9,-4.197510421,-2.0215937520396,-3.77254564350134,-4.31530315476214,-4.45465287600784,-4.48895220330232,-4.51097583886145,10.7762
5.208040987E9,-4.199582503,-2.02631035544036,-3.77576575138908,-4.31763711808949,-4.45661251460049,-4.49070857478972,-4.51264690985487,10.7762
5.208043164E9,-4.201739594,-2.03119218519738,-3.77910655781277,-4.32006455480267,-4.45865394809936,-4.49254041191013,-4.51439082714672,10.7762
5.20804534E9,-4.204051704,-2.03640430004986,-3.78267916478375,-4.32266478358042,-4.46084310533702,-4.49450637300161,-4.51626319055965,10.7762
5.208047517E9,-4.206472532,-2.04183797748082,-3.7864102770084,-4.32538538366773,-4.46313636251348,-4.49656761401771,-4.51822716614488,10.7762
5.208049694E9,-4.208940394,-2.04734825103124,-3.79020219728805,-4.32815650809787,-4.46547560845782,-4.49867239941335,-4.52023369977941,10.7762
5.208051871E9,-4.211444349,-2.05290988123886,-3.79403778995192,-4.33096580661706,-4.46785051237528,-4.50081149674199,-4.52227402032864,10.7762
5.208054048E9,-4.213982619,-2.05851902379735,-3.79791437625036,-4.33381129347164,-4.47025938263448,-4.50298337570552,-4.52434666489158,10.7762
5.208056224E9,-4.216491738,-2.06402653427404,-3.80173143920018,-4.33662110430522,-4.47264242881191,-4.50513480426981,-4.52640115973006,10.7762
5.208058401E9,-4.219043051,-2.06960053555552,-3.80560216610474,-4.33947606359558,-4.47506684097742,-4.50732556961824,-4.52849417790229,10.7762
5.208060578E9,-4.221659163,-2.075294639873,-3.80956256056253,-4.34240180825585,-4.47755389065335,-4.50957457438826,-4.53064362509391,10.7762
5.208062755E9,-4.224366905,-2.08117201503753,-3.813655168233,-4.34542873018431,-4.48012884912458,-4.51190431136656,-4.53287082530875,10.7762
5.208064931E9,-4.227124749,-2.08713533493713,-3.81781432485458,-4.34850982750953,-4.48275258031251,-4.51427991763134,-4.53514271245984,10.7762
5.208067108E9,-4.229865455,-2.09302717227722,-3.82193377098334,-4.35156900923913,-4.48536170937671,-4.51664492429651,-4.53740572143077,10.7762
5.208069285E9,-4.232557139,-2.09877297468076,-3.82596315965636,-4.35457020233863,-4.4879261803585,-4.51897254321346,-4.53963443798666,10.7762
5.208071462E9,-4.235128154,-2.10420475164851,-3.82978916485251,-4.35743230805575,-4.49037847691152,-4.52120263248299,-4.54177182133209,10.7762
5.208073638E9,-4.237613558,-2.10940583208854,-3.83346769408312,-4.36019510024364,-4.49275158000458,-4.52336448441771,-4.54384561122914,10.7762
5.208075815E9,-4.239978821,-2.11429586573047,-3.83694437612559,-4.36281954274333,-4.49501292015191,-4.52542903945725,-4.54582822337734,10.7762
5.208077992E9,-4.242275622,-2.11899694596028,-3.84030132538136,-4.36536420647333,-4.49721115126739,-4.52743956708022,-4.54776066183882,10.7762
5.208080169E9,-4.244571614,-2.123669066573,-3.84364610463903,-4.36790578005309,-4.49940995816548,-4.52945269282129,-4.54969658183755,10.7762
5.208082345E9,-4.246866844,-2.12831340531532,-3.84697922003118,-4.37044440302694,-4.50160933230588,-4.531468327929,-4.55163585955751,10.7762
5.208084522E9,-4.249091213,-2.13276591285613,-3.85018991667103,-4.37290075320929,-4.50374320077025,-4.5334275908033,-4.55352263716034,10.7762
5.208086699E9,-4.251297507,-2.13715162650232,-3.85336220275945,-4.37533468327314,-4.50586124340366,-4.53537463921371,-4.55539874866145,10.7762
5.208088876E9,-4.253351383,-2.14115599225927,-3.85628375208325,-4.37759416067555,-4.50783684103879,-4.53719664509039,-4.55715716505618,10.7762
5.208091053E9,-4.2553612,-2.14503493320734,-3.85912671239741,-4.37980198991107,-4.50977201350467,-4.53898434638272,-4.55888387763426,10.7762
5.208093229E9,-4.257379692,-2.14884191549471,-3.86195925604285,-4.38200203450328,-4.51170149263679,-4.54077310935992,-4.56061409105003,10.7762
5.208095406E9,-4.259294344,-2.15226537543325,-3.86459295696068,-4.38405620579388,-4.51350915682313,-4.54246251100138,-4.56225369205923,10.7762
5.208097583E9,-4.261003923,-2.15522047972169,-3.86690149328415,-4.38588377546537,-4.51513115474474,-4.54398599918412,-4.56373589607133,10.7762
5.20809976E9,-4.262558142,-2.15781781194108,-3.86896243880739,-4.38753948405906,-4.51661272576017,-4.545384230893,-4.56509938802137,10.7762
5.208101936E9,-4.264070143,-2.16030790854449,-3.87095186078475,-4.38914784209735,-4.51805692105525,-4.54674991539383,-4.56643242617338,10.7762
5.208104113E9,-4.265526447,-2.16266231782023,-3.87284937483839,-4.39069410651535,-4.51945135443352,-4.54807180006678,-4.56772424425064,10.7762
5.20810629E9,-4.266963039,-2.16496141168632,-3.87471127106909,-4.39221792267259,-4.52082874779298,-4.54937927010456,-4.56900279035526,10.7762
5.208108467E9,-4.268340176,-2.16711840450607,-3.87647621984751,-4.39367563327653,-4.52215280691355,-4.5506395765015,-4.57023684030161,10.7762
5.208110643E9,-4.269642404,-2.16910028939314,-3.87812068635904,-4.39505031002906,-4.52340936074203,-4.55183987391051,-4.57141411826496,10.7762
5.20811282E9,-4.27084534,-2.1708543743698,-3.87960727808969,-4.39631520429557,-4.52457609860333,-4.55295998617651,-4.57251536590681,10.7762
5.208114997E9,-4.272131302,-2.17278343725785,-3.88121931262457,-4.39767089227902,-4.52581915380793,-4.55414945949594,-4.57368298885996,10.7762
5.208117174E9,-4.273273228,-2.17438756538394,-3.88260466748252,-4.3988676838961,-4.52693148653207,-4.55522178963881,-4.57473932168101,10.7762
5.20811935E9,-4.274535467,-2.17625066220841,-3.88417409293606,-4.40019639504741,-4.52815398760573,-4.55639382864588,-4.57589086702245,10.7762
5.208121527E9,-4.275893941,-2.17832048115539,-3.88589057340631,-4.40163059777706,-4.52946464295147,-4.55764568941529,-4.57711865163628,10.7762
5.208123704E9,-4.277392349,-2.18069395744516,-3.88782218325149,-4.40321839287265,-4.53090324238926,-4.55901316339386,-4.57845674405568,10.7762
5.208125881E9,-4.279084195,-2.18348975512863,-3.89005226216935,-4.40501867244496,-4.53251850549097,-4.5605400772184,-4.57994686229892,10.7762
5.208128058E9,-4.280879662,-2.18651058048143,-3.89244171555798,-4.4069326979075,-4.53422849995566,-4.56215259063168,-4.58151864832469,10.7762
5.208130234E9,-4.28286117,-2.18993863816244,-3.89511867361439,-4.40905115118973,-4.53610832153027,-4.56391830163708,-4.5832364701023,10.7762
5.208132411E9,-4.285084555,-2.19389728577755,-3.89816990547837,-4.41143546016485,-4.53820885114717,-4.56588302097175,-4.58514395333778,10.7762
5.208134588E9,-4.287561941,-2.19841359949797,-3.90161437484882,-4.4140989818469,-4.54054111527967,-4.56805665967339,-4.58725052663713,10.7762
5.208136765E9,-4.290239605,-2.20336936088504,-3.9053687951044,-4.41698264332925,-4.54305612381687,-4.57039508428566,-4.58951414631601,10.7762
5.208138941E9,-4.293292081,-2.20914930536107,-3.90970402856217,-4.42027840249824,-4.54591298819853,-4.57304161171611,-4.59207132500967,10.7762
5.208141118E9,-4.296670211,-2.2156446842655,-3.91454362171395,-4.42393216873724,-4.54906692672937,-4.57595594741471,-4.59488369897711,10.7762
5.208143295E9,-4.300333268,-2.22276538408542,-3.91982422671123,-4.42789912741967,-4.55248083944359,-4.5791047102234,-4.59791948724818,10.7762
5.208145472E9,-4.304345724,-2.23065302340758,-3.92564568607043,-4.43225015425108,-4.55621354196927,-4.58254092414555,-4.60122921757213,10.7762
5.208147648E9,-4.308750696,-2.23940165694794,-3.93207449385197,-4.4370326064901,-4.56030442075519,-4.58630015303227,-4.60484680586836,10.7762
5.208149825E9,-4.313726413,-2.24940315711196,-3.93938681896775,-4.44244244048256,-4.56491603727051,-4.59052891380895,-4.60891185503772,10.7762
5.208152002E9,-4.319069587,-2.26020794762153,-3.94726655765033,-4.44825597939425,-4.56986318309552,-4.59506050816536,-4.61326563994715,10.7762
5.208154179E9,-4.324788798,-2.27183323406517,-3.95572630142131,-4.4544825491314,-4.57515381585559,-4.59990224805435,-4.61791519379572,10.7762
5.208156356E9,-4.330826835,-2.28415062487478,-3.96467629798378,-4.46105907963758,-4.58073595991096,-4.6050075037139,-4.62281619041765,10.7762
5.208158532E9,-4.337610038,-2.29809800930344,-3.97477737831135,-4.46845434847681,-4.58699843850184,-4.61072668411263,-4.62830248436183,10.7762
5.208160709E9,-4.344620778,-2.31253109433625,-3.98522484718353,-4.47609884068214,-4.59346961525932,-4.61663521465076,-4.63396978125227,10.7762
5.208162886E9,-4.351837671,-2.32739928610545,-3.99598405394135,-4.48396881359255,-4.60013026761914,-4.62271605765648,-4.63980198697694,10.7762
5.208165063E9,-4.359534449,-2.34330235837545,-4.00747826887871,-4.4923650908177,-4.60723022977841,-4.62919456275254,-4.64601389982807,10.7762
5.208167239E9,-4.368364325,-2.36167680789374,-4.02071977253847,-4.50200587413227,-4.61536527739745,-4.63660771397927,-4.65311716122931,10.7762
5.208169416E9,-4.37722245,-2.38008112699895,-4.03399138169052,-4.51167562696119,-4.62352864753098,-4.6440490798448,-4.66024858715816,10.7762
5.208171593E9,-4.386306567,-2.39867162154525,-4.04758142370083,-4.52152122494465,-4.63178501222353,-4.65157450852559,-4.66746632210593,10.7762
5.20817377E9,-4.396342195,-2.41885660238995,-4.06260303116399,-4.53229241248218,-4.64071695229799,-4.65970725129803,-4.67527218632591,10.7762
5.208175946E9,-4.407737445,-2.44188697156736,-4.07970922127804,-4.54452863867495,-4.65084674629574,-4.6689218057937,-4.68411218170295,10.7762
5.208178123E9,-4.420550271,-2.46788189413045,-4.09898787854582,-4.55829223525306,-4.66222570259448,-4.67926475636019,-4.69403093792317,10.7762
5.2081803E9,-4.433310619,-2.49371424475325,-4.11816233791179,-4.57199650052615,-4.6735643693639,-4.68957613946149,-4.70392167826625,10.7762
5.208182477E9,-4.447042656,-2.5215575954227,-4.13881642680046,-4.58674659710865,-4.6857616728403,-4.70066513586491,-4.71455670343609,10.7762
5.208184653E9,-4.461720227,-2.55135441543393,-4.16090876802193,-4.60251419051666,-4.69879489692705,-4.71251154411253,-4.72591682981124,10.7762
5.20818683E9,-4.477663269,-2.58378370021938,-4.1849341015472,-4.61964451366308,-4.71294487263971,-4.72536824351343,-4.7382434303277,10.7762
5.208189007E9,-4.493971945,-2.61687413452774,-4.20955311794849,-4.63713447928274,-4.72729547923968,-4.73836322186383,-4.75073298813203,10.7762
5.208191184E9,-4.508162919,-2.64516221127957,-4.23109036629506,-4.65220352099131,-4.73926942534144,-4.74902716954904,-4.76111915116106,10.7762
5.208193361E9,-4.5251901,-2.67935591408987,-4.25705164268781,-4.67029510653746,-4.75359732097967,-4.76176198503606,-4.77351582386521,10.7762
5.208195537E9,-4.536444511,-2.70136210080496,-4.27392919019524,-4.68222769177338,-4.76316000075449,-4.7703240999638,-4.78186656544117,10.7762
5.208197714E9,-4.53268874,-2.69176460915302,-4.26722803974853,-4.67814931359541,-4.76031897912623,-4.76801389018524,-4.77967231483528,10.7762
5.208199891E9,-4.567034452,-2.76219995360063,-4.32028899859836,-4.71470489863375,-4.78899258544966,-4.79334952158113,-4.804297426743,10.7762
5.208202068E9,-4.596541309,-2.82241405846066,-4.36573331049835,-4.74609772881551,-4.81367272153571,-4.81518953616297,-4.82553352100068,10.7762
5.208204244E9,-4.601343951,-2.83064678868964,-4.37238655167433,-4.7511405074325,-4.81793336659453,-4.81912639147304,-4.82940415207222,10.7762
5.208206421E9,-4.600084987,-2.82608229303663,-4.36950144483967,-4.74971598765843,-4.81719037517061,-4.818680452436,-4.82902468264919,10.7762
5.208208598E9,-4.609296838,-2.8445768418431,-4.3831348237081,-4.75900855810233,-4.82464776454041,-4.82549435529563,-4.83566151514326,10.7762
5.208210775E9,-4.635017905,-2.90229396435145,-4.42312157919816,-4.78405522302149,-4.84383708301434,-4.84285661014632,-4.85241743918865,10.7762
5.208212951E9,-4.65756848,-2.95255930769461,-4.45803397846615,-4.80602156193285,-4.86072813252303,-4.85816769948725,-4.8672041800828,10.7762
5.208215128E9,-4.671398484,-2.9823797242949,-4.47902341205228,-4.81952106111219,-4.87128763046984,-4.86781764973298,-4.8765529487258,10.7762
5.208217305E9,-4.68083623,-3.00186882457601,-4.49298629688784,-4.82875713916907,-4.87866488949726,-4.87462493460747,-4.88317212140124,10.7762
5.208219482E9,-4.690450335,-3.02171553256785,-4.50720511865342,-4.83816473475644,-4.88618128056748,-4.88156217984131,-4.88991809815582,10.7762
5.208221658E9,-4.700433944,-3.04237295225768,-4.52198801130819,-4.84793116549225,-4.89397697414687,-4.88875486432795,-4.89691144527983,10.7762
5.208223835E9,-4.710377753,-3.0628838005245,-4.53668272942098,-4.85765912348551,-4.9017543402262,-4.89593655673414,-4.90389613198004,10.7762
5.208226012E9,-4.719727511,-3.08186839768248,-4.5503837537498,-4.86681658399527,-4.90912092818065,-4.90275875986937,-4.91053834073097,10.7762
5.208228189E9,-4.725543407,-3.09091348844145,-4.55798847923501,-4.87265727102541,-4.91413560072497,-4.90753846462574,-4.91524137537897,10.7762
5.208230366E9,-4.723510113,-3.08495768206831,-4.55399053127375,-4.87064629046215,-4.91302375311082,-4.9067140096893,-4.91451472923915,10.7762
5.208232542E9,-4.712709509,-3.05658978663377,-4.53549513726403,-4.86025831749463,-4.90578883965589,-4.90047684013368,-4.90861310984371,10.7762
5.208234719E9,-4.708348008,-3.04326516599658,-4.52724924832124,-4.85611860150282,-4.90323941827623,-4.89843757286999,-4.90674657299253,10.7762
5.208236896E9,-4.713562146,-3.05236963653999,-4.53426381525155,-4.8612657160797,-4.90764616837094,-4.90262889984245,-4.91086793296529,10.7762
5.208239073E9,-4.720597254,-3.06570432467699,-4.54416403910485,-4.868178896334,-4.91338270589985,-4.90801492910893,-4.91613872332565,10.7762
5.208241249E9,-4.724532751,-3.07170184668055,-4.54909259784328,-4.87208827205552,-4.91688286642879,-4.91140381932375,-4.91949245838739,10.7762
5.208243426E9,-4.721871903,-3.06212234985811,-4.54346062581612,-4.86960647940684,-4.91561637223369,-4.91053095933854,-4.91875369702553,10.7762
5.208245603E9,-4.71669233,-3.04653475355042,-4.53377375419562,-4.86468751221735,-4.912541825212,-4.90804505025897,-4.91646745633948,10.7762
5.20824778E9,-4.714112633,-3.03697653910162,-4.52820506434695,-4.8622917338717,-4.91136795537555,-4.90726632501939,-4.91582371601975,10.7762
5.208249956E9,-4.713134185,-3.0311012108195,-4.52515993930221,-4.8614508259404,-4.91137078908238,-4.90754692948482,-4.91620008517327,10.7762
5.208252133E9,-4.711124033,-3.02271074282385,-4.52043266494745,-4.85961394977209,-4.91064381962398,-4.90718007523671,-4.915956800245,10.7762
5.20825431E9,-4.70969671,-3.0156137238832,-4.51660533668267,-4.8583449601881,-4.91035453706588,-4.90721040791772,-4.91609726520389,10.7762
5.208256487E9,-4.709077277,-3.01034993998336,-4.51404114853574,-4.85786134691522,-4.91066391130538,-4.90778147666288,-4.9167591473825,10.7762
5.208258663E9,-4.706897728,-3.00134014133433,-4.50895732783584,-4.85587010120981,-4.90985828705508,-4.90735865903723,-4.91646802255207,10.7762
5.20826084E9,-4.703373732,-2.98909508010741,-4.50170041679883,-4.85258051125057,-4.90809323052533,-4.90608060744604,-4.91535691364841,10.7762
5.208263017E9,-4.700381214,-2.97804926323199,-4.49527294275989,-4.84980851076476,-4.90672337221634,-4.90515941022917,-4.91458995483471,10.7762
5.208265194E9,-4.696307129,-2.96439810487217,-4.48709747241241,-4.84599284303692,-4.90458223049519,-4.90355027010513,-4.91316333200014,10.7762
5.208267371E9,-4.690677812,-2.947023518032,-4.47641769840352,-4.84067559213372,-4.90132746156944,-4.90094617784905,-4.91078199535476,10.7762
5.208269547E9,-4.685600498,-2.93091245722665,-4.46660737861468,-4.8358956795044,-4.89847958254316,-4.89870786734784,-4.90875283543495,10.7762
5.208271724E9,-4.679669622,-2.91274436388249,-4.45541921638614,-4.83029329392937,-4.89502322806419,-4.89592590435384,-4.90620215167688,10.7762
5.208273901E9,-4.67252251,-2.89223377869621,-4.44233936051864,-4.82330156460595,-4.89046822020765,-4.89219161075827,-4.90272145848399,10.7762
5.208276078E9,-4.6663164,-2.87574924568995,-4.43096843073289,-4.81653461347157,-4.88587096473468,-4.88851648282901,-4.89924748614154,10.7762
5.208278254E9,-4.659205593,-2.85735616143456,-4.4181743230786,-4.80880225131142,-4.88052671671747,-4.88418479604344,-4.89513606304221,10.7762
5.208280431E9,-4.652403869,-2.83961320120392,-4.40586537045799,-4.8013994988235,-4.87543798651803,-4.88007665295899,-4.8912412984785,10.7762
5.208282608E9,-4.644291939,-2.81911333737117,-4.39149873272771,-4.79259893940414,-4.86926633456158,-4.87501614871653,-4.88642177008907,10.7762
5.208284785E9,-4.637111556,-2.80057957214933,-4.37859771614464,-4.78479228644524,-4.86386372646424,-4.87062967575348,-4.88225600274946,10.7762
5.208286961E9,-4.631123136,-2.78456291751593,-4.36757275016267,-4.77825749591286,-4.8594449294448,-4.86710576650244,-4.87892697643911,10.7762
5.208289138E9,-4.62004731,-2.75784023515783,-4.34855765425684,-4.76629531978085,-4.85082141600684,-4.85988624273112,-4.87201016618049,10.7762
5.208291315E9,-4.614448622,-2.74266379561021,-4.33815406312985,-4.76017695457713,-4.84672163796175,-4.85663865900945,-4.86894818430507,10.7762
5.208293492E9,-4.609925815,-2.72976625156229,-4.32944713021789,-4.75520690993017,-4.84350878222371,-4.85416819286377,-4.86663994865974,10.7762
5.208295668E9,-4.597861508,-2.70087281558914,-4.30900348865605,-4.74212861722809,-4.83380815956772,-4.84589532553633,-4.85876283186442,10.7762
5.208297845E9,-4.592697621,-2.68645791892542,-4.29947474579085,-4.7363766055056,-4.82965740936063,-4.84243791503785,-4.8555970556089,10.7762
5.208300022E9,-4.589642643,-2.67655488315324,-4.29322245264933,-4.73290193868175,-4.82735434353269,-4.8406440087144,-4.85401827930745,10.7762
5.208302199E9,-4.576708111,-2.64561004138919,-4.27166480733698,-4.71876389495329,-4.81638409602159,-4.83103479693082,-4.84497894471563,10.7762
5.208304376E9,-4.57025506,-2.6284990337591,-4.26016182027099,-4.71162319075259,-4.81109640712526,-4.82654577868775,-4.84082592383988,10.7762
5.208306552E9,-4.56957227,-2.62370930702387,-4.25761240496823,-4.7107122372025,-4.81086725641146,-4.82661490543952,-4.84102277658363,10.7762
5.208308729E9,-4.559301281,-2.59849801765198,-4.24020919881454,-4.69945243415226,-4.80222634851649,-4.81909805092301,-4.83397776975431,10.7762
5.208310906E9,-4.548597127,-2.57238282113974,-4.22214364770402,-4.68772615399601,-4.79320312786852,-4.81123377628089,-4.82660012564977,10.7762
5.208313083E9,-4.54854254,-2.56899725676199,-4.22059754502014,-4.68749680741737,-4.79351742920286,-4.81178590530489,-4.8272551105168,10.7762
5.208315259E9,-4.544232626,-2.55656099750014,-4.21246502098771,-4.68267525014977,-4.79009699744898,-4.80896827933344,-4.82469257069903,10.7762
5.208317436E9,-4.531211562,-2.52556990823948,-4.19083740449571,-4.66845152837035,-4.77903402698,-4.79925673174154,-4.81554849603407,10.7762
5.208319613E9,-4.525674316,-2.51005523564346,-4.18079923567713,-4.66217103689962,-4.77430326606625,-4.79524741110408,-4.81185521879911,10.7762
5.20832179E9,-4.526962224,-2.50953283928053,-4.18137392250034,-4.66336982288215,-4.77573996588738,-4.79680108636608,-4.8134637512158,10.7762
5.208323966E9,-4.52028213,-2.49143160415844,-4.16957745810419,-4.65580431507386,-4.76991062372886,-4.7917940672245,-4.80881942406614,10.7762
5.208326143E9,-4.507403754,-2.45966120448907,-4.14815981438717,-4.64142144367703,-4.7584284931902,-4.78168185484305,-4.79930905985151,10.7762
5.20832832E9,-4.504373849,-2.44968241122429,-4.14206012362953,-4.63787541659933,-4.75592212357722,-4.77966874355725,-4.79751523134728,10.7762
5.208330497E9,-4.506070593,-2.45017877859033,-4.14331909220647,-4.63953146621181,-4.75772232038037,-4.78154059853465,-4.79942230099176,10.7762
5.208332673E9,-4.499916024,-2.43335426906705,-4.13238834192158,-4.63255161213422,-4.75236265850683,-4.77694662866729,-4.79516667171842,10.7762
5.20833485E9,-4.487100407,-2.40183848382062,-4.11111745678441,-4.61824531037767,-4.74092815107862,-4.76686568110983,-4.78568098536326,10.7762
5.208337027E9,-4.483046019,-2.38971619693568,-4.10347665457034,-4.61357998484779,-4.73747811556859,-4.76398984209111,-4.78306004137782,10.7762
5.208339204E9,-4.485569381,-2.3921637334037,-4.10607307685692,-4.61615352300558,-4.74002201059241,-4.76652266374811,-4.78559202089643,10.7762
5.208341381E9,-4.482594432,-2.38249150360166,-4.10013729558925,-4.61267995689752,-4.73755091535724,-4.76452522651906,-4.78380558877741,10.7762
5.208343557E9,-4.47124389,-2.35433928497048,-4.08119681896376,-4.59999366272448,-4.72744175267052,-4.75562875490531,-4.77544327220248,10.7762
5.208345734E9,-4.462121565,-2.33114475766083,-4.06573361157108,-4.58976097560311,-4.71936122323745,-4.7485606868264,-4.76882195189771,10.7762
5.208347911E9,-4.463881054,-2.33203732954102,-4.0671992678223,-4.59150274451832,-4.72119819073988,-4.750444265642,-4.77072995584782,10.7762
5.208350088E9,-4.465101472,-2.33164571424239,-4.06780978601534,-4.59262546685986,-4.72251652358701,-4.75186620265982,-4.77219984011756,10.7762
5.208352264E9,-4.459806267,-2.31585232923734,-4.05804699293933,-4.58635335686233,-4.7176943945509,-4.7478163144952,-4.76847927943452,10.7762
5.208354441E9,-4.447603363,-2.28375762625624,-4.03729214230564,-4.57224794095203,-4.70636866238814,-4.73796875311846,-4.75925842877771,10.7762
5.208356618E9,-4.440498196,-2.26375903527702,-4.02467485839443,-4.56392841762376,-4.69983921130178,-4.73239128342668,-4.75408594378535,10.7762
5.208358795E9,-4.443380095,-2.26742614122951,-4.02798861960832,-4.56694193372416,-4.70270778050013,-4.73518404059673,-4.75685060516142,10.7762
5.208360971E9,-4.444655233,-2.26733446610963,-4.02875897878575,-4.56813607019255,-4.70406194906034,-4.7366243045206,-4.75833093850834,10.7762
5.208363148E9,-4.440633809,-2.25475383585629,-4.02110487926577,-4.56332467512016,-4.70042890114375,-4.73361773664279,-4.75559207811578,10.7762
5.208365325E9,-4.429261863,-2.22482274026742,-4.00175138681206,-4.55017722890686,-4.68987556475788,-4.72444182404231,-4.74700024114334,10.7762
5.208367502E9,-4.418944391,-2.19742720667244,-3.98409429522188,-4.5382292086221,-4.68031270034327,-4.7161449667883,-4.73924047768875,10.7762
5.208369679E9,-4.419860794,-2.19665664377397,-3.98436075449849,-4.53902988159138,-4.68132084315666,-4.71726357052963,-4.74040922882848,10.7762
5.208371855E9,-4.422650267,-2.20036346619804,-3.98763127876019,-4.54195932400741,-4.68408964226729,-4.71994757375683,-4.74306104973707,10.7762
5.208374032E9,-4.422168624,-2.19637435797088,-3.98570549416392,-4.54118109221951,-4.68377753583192,-4.7198830054188,-4.74310428102412,10.7762
5.208376209E9,-4.416178542,-2.17939328116688,-3.97501581070182,-4.53415655185886,-4.67827890914142,-4.71519360208075,-4.73875931040637,10.7762
5.208378386E9,-4.403633767,-2.14694230945559,-3.95389300402134,-4.51969834928205,-4.6666091743987,-4.70500193040135,-4.72919386835056,10.7762
5.208380562E9,-4.394752659,-2.12320654126068,-3.93862856579488,-4.50940044119971,-4.65838533816606,-4.69787705974349,-4.72253543697783,10.7762
5.208382739E9,-4.396193681,-2.12394922999727,-3.93984071986374,-4.51081817580576,-4.65987379826842,-4.69940271721546,-4.7240800555071,10.7762
5.208384916E9,-4.398772645,-2.12743318167127,-3.94288674510189,-4.51353097324402,-4.66243085251843,-4.70187699844087,-4.72652268295438,10.7762
5.208387093E9,-4.399179087,-2.12576382972391,-3.94246187043437,-4.51377212975323,-4.66293088505989,-4.70251578302771,-4.72722110747977,10.7762
5.208389269E9,-4.395206714,-2.11302413200788,-3.93473751016741,-4.50891401758386,-4.65917793848602,-4.69937424606117,-4.72431249921489,10.7762
5.208391446E9,-4.384920028,-2.08448569165804,-3.91656139745871,-4.49673427434491,-4.64932548057474,-4.6908093628679,-4.71623460568389,10.7762
5.208393623E9,-4.371936352,-2.04922799640241,-3.89393239092402,-4.48142977561154,-4.63686690829965,-4.67992495934893,-4.70594483265991,10.7762
5.2083958E9,-4.36779938,-2.03623089440188,-3.88599781337298,-4.47639447076685,-4.6329503013657,-4.67662645657926,-4.70288157392614,10.7762
5.208397976E9,-4.370259703,-2.03984990300343,-3.88902819488991,-4.47901874984084,-4.635403269871,-4.67898376421252,-4.70520581081657,10.7762
5.208400153E9,-4.37229231,-2.04244966906239,-3.89137154119946,-4.48115167195006,-4.63744154026303,-4.68096882019578,-4.7071736876051,10.7762
5.20840233E9,-4.372468887,-2.04044414985399,-3.8906584529546,-4.48113592944604,-4.63768575680246,-4.68135596123962,-4.70761730049081,10.7762
5.208404507E9,-4.369088833,-2.02956316193775,-3.88406750771635,-4.47699820216609,-4.63449362404314,-4.67868584560892,-4.70514606201724,10.7762
5.208406684E9,-4.360691339,-2.00613810311857,-3.86917474972678,-4.4670433382093,-4.62645443160548,-4.67170486686611,-4.69856540316645,10.7762
5.20840886E9,-4.347395578,-1.97046730005263,-3.84617722129276,-4.45140947789034,-4.61368329078461,-4.66051519784602,-4.68797262925776,10.7762
5.208411037E9,-4.337644847,-1.94375165776424,-3.82908259900003,-4.43989386100301,-4.60433401673269,-4.65236211130097,-4.68027157442512,10.7762
5.208413214E9,-4.337320011,-1.94076006387133,-3.82764883886219,-4.43932069737359,-4.60408578672353,-4.65229214608578,-4.68027103482596,10.7762
5.208415391E9,-4.339308741,-1.94363424875904,-3.83007667756325,-4.44143721039103,-4.60607010317574,-4.65420211635474,-4.68215543616633,10.7762
5.208417567E9,-4.340788788,-1.94528736217772,-3.83168369778268,-4.44296853577048,-4.60756148531584,-4.65567017575707,-4.68361703850172,10.7762
5.208419744E9,-4.340791202,-1.9432860207615,-3.83086210019407,-4.44279028519197,-4.60762421385322,-4.65586481662579,-4.6838634955776,10.7762
5.208421921E9,-4.337905652,-1.93408808539143,-3.82527151274911,-4.43926584457129,-4.60489633386759,-4.65357574935209,-4.68174151073259,10.7762
5.208424098E9,-4.331279215,-1.91555100416516,-3.81349628687255,-4.43140538506757,-4.59855418879731,-4.64807099896964,-4.67655355931226,10.7762
5.208426274E9,-4.32023,-1.88531166042041,-3.79428641679303,-4.41827896145759,-4.58776588976695,-4.63862853544546,-4.66760576792675,10.7762
5.208428451E9,-4.3073424,-1.8492831124878,-3.77182528974079,-4.40276242963182,-4.57487313216141,-4.62734458180559,-4.65689040400717,10.7762
5.208430628E9,-4.300886889,-1.83033403863358,-3.76021846525275,-4.39490014734812,-4.56842182430977,-4.62175760448434,-4.65160968564192,10.7762
5.208432805E9,-4.301148477,-1.82922007077432,-3.75994679940009,-4.39503125113446,-4.56869742077947,-4.62212029588936,-4.65200482746361,10.7762
5.208434981E9,-4.302640848,-1.8314250707578,-3.76177224671902,-4.39663208681715,-4.5702052148914,-4.6235694774814,-4.65343508654103,10.7762
5.208437158E9,-4.303758581,-1.83270107134194,-3.76299139934836,-4.3977936482159,-4.57133732842066,-4.62468205885724,-4.65454244710498,10.7762
5.208439335E9,-4.303499111,-1.83039502445293,-3.76191585052513,-4.39732374426285,-4.57108965976966,-4.62456932458044,-4.65447881614981,10.7762
5.208441512E9,-4.301150971,-1.82262400330334,-3.757347295111,-4.39437630727663,-4.56874964992879,-4.62260058912807,-4.65264232246639,10.7762
5.208443689E9,-4.296387803,-1.80852409358589,-3.748735922275,-4.38856320259707,-4.56399043800309,-4.61848653618051,-4.64875685259995,10.7762
5.208445865E9,-4.288662133,-1.78664619907629,-3.73515950740442,-4.37923334869454,-4.55626370773639,-4.61174183951825,-4.6423592387292,10.7762
5.208448042E9,-4.277645796,-1.75612156386198,-3.71606514735411,-4.36599644980775,-4.5452407873975,-4.60207557309739,-4.63317182383676,10.7762
5.208450219E9,-4.265229757,-1.72195436365437,-3.69463745846728,-4.35110114651711,-4.53281553817782,-4.59116394956614,-4.62279419435765,10.7762
5.208452396E9,-4.258113076,-1.7018739784423,-3.68215936536063,-4.34251384698047,-4.52569729410963,-4.58494533185395,-4.61689335355173,10.7762
5.208454572E9,-4.257027875,-1.69781887416702,-3.67986448963678,-4.34110531411749,-4.52461930510373,-4.58406873954778,-4.61608870998146,10.7762
5.208456749E9,-4.257634654,-1.69830482813182,-3.6804442803161,-4.34171515698058,-4.525235417499,-4.58468744317167,-4.61670933282998,10.7762
5.208458926E9,-4.258382128,-1.69922632418721,-3.68128599065256,-4.34249861709231,-4.5259919669273,-4.58542630782741,-4.6174429243056,10.7762
5.208461103E9,-4.258477758,-1.6984857663126,-3.68105471325343,-4.34251320303369,-4.52609519797024,-4.58558278334164,-4.61761903069701,10.7762
5.208463279E9,-4.257057393,-1.69379590702522,-3.6782948478688,-4.34073124359201,-4.52467963261437,-4.58439083407645,-4.61650660666214,10.7762
5.208465456E9,-4.254038769,-1.68493887213135,-3.67286774062179,-4.33705488663941,-4.52166287966694,-4.5817775307087,-4.61403604639106,10.7762
5.208467633E9,-4.249531654,-1.67220507351454,-3.66495820893411,-4.33161465142223,-4.51715487487428,-4.57784017271227,-4.61030019766672,10.7762
5.20846981E9,-4.243830165,-1.65637290408633,-3.65506161853872,-4.32476029627544,-4.51145018620519,-4.57283947865007,-4.60554786474998,10.7762
5.208471986E9,-4.23720859,-1.63777491275167,-3.64354075382835,-4.31671561105985,-4.50470476282943,-4.56692814049842,-4.59992483824536,10.7762
5.208474163E9,-4.229303884,-1.61526401275572,-3.62973712184954,-4.30700039020643,-4.49649878892829,-4.55974151897991,-4.59308315782655,10.7762
5.20847634E9,-4.219636292,-1.58794632315633,-3.61293739741026,-4.29514193631791,-4.48646524712065,-4.55094074985756,-4.58469935425512,10.7762
5.208478517E9,-4.209221226,-1.55862931860269,-3.59488223198669,-4.28237898795154,-4.47565725837443,-4.54145348680829,-4.57565868886103,10.7762
5.208480694E9,-4.202018103,-1.53826023040504,-3.58235904774627,-4.27354179445048,-4.46818128306108,-4.53489697207031,-4.56941312921103,10.7762
5.20848287E9,-4.199531265,-1.53099852470273,-3.57794678827691,-4.2704655922165,-4.46559753702246,-4.53264555266365,-4.56727424738258,10.7762
5.208485047E9,-4.199191683,-1.52974132653479,-3.57724160104242,-4.27001634450107,-4.46524158849496,-4.53235222573219,-4.56700229335147,10.7762
5.208487224E9,-4.19918861,-1.52948213215756,-3.57713940961031,-4.26998504628505,-4.46523544363915,-4.53236273525103,-4.56701860020448,10.7762
5.208489401E9,-4.198936404,-1.52860161980979,-3.57663623620054,-4.26965723796246,-4.46497170974882,-4.53214205555067,-4.56681258981342,10.7762
5.208491577E9,-4.19772712,-1.52514233015102,-3.57451844489003,-4.26816925808527,-4.46371614885491,-4.53104342496482,-4.56576705087104,10.7762
5.208493754E9,-4.195261311,-1.51827629805526,-3.57027269146153,-4.26515579472776,-4.46115819251316,-4.52879327554226,-4.56362091438457,10.7762
5.208495931E9,-4.191657753,-1.50833195519948,-3.56410260456594,-4.26076175180655,-4.45742102844497,-4.52550011832585,-4.56047773440745,10.7762
5.208498108E9,-4.187160219,-1.49598337976779,-3.55642611293955,-4.25528452839359,-4.45275748448294,-4.52138665844997,-4.55655004254348,10.7762
5.208500284E9,-4.182368646,-1.48288939338205,-3.5482717044071,-4.24945602306272,-4.44778977987018,-4.51700098703676,-4.55236089152861,10.7762
5.208502461E9,-4.17769324,-1.47018418104538,-3.54034259584057,-4.24377666724758,-4.44294335582896,-4.51271786293668,-4.54826792179091,10.7762
5.208504638E9,-4.173306427,-1.4583443972604,-3.53293434634996,-4.23845680315527,-4.43839704151495,-4.50869481807019,-4.54442147292262,10.7762
5.208506815E9,-4.169051298,-1.44693603500756,-3.52577791297809,-4.23330499302982,-4.43398809900255,-4.50478851483803,-4.5406847632617,10.7762
5.208508991E9,-4.164927345,-1.43595745427764,-3.51887234029913,-4.22832059244609,-4.42971599908479,-4.50099850373967,-4.53705737226524,10.7762
5.208511168E9,-4.160893715,-1.42529546518674,-3.51214751060573,-4.22345373826547,-4.4255383691851,-4.49728747689269,-4.53350370502159,10.7762
5.208513345E9,-4.15676131,-1.41442709211996,-3.50527921530929,-4.21847372793255,-4.42125908754504,-4.49348268885337,-4.52985891604513,10.7762
5.208515522E9,-4.152645718,-1.4036718927526,-3.49846559657591,-4.21352156983967,-4.41699803482866,-4.48968974187107,-4.52622378568335,10.7762
5.208517699E9,-4.14853336,-1.39299243931333,-3.49168342885927,-4.20858071262423,-4.41274112967183,-4.48589622662204,-4.52258647148199,10.7762
5.208519875E9,-4.144394444,-1.38230656607159,-3.48488172850729,-4.20361483581498,-4.4084574766183,-4.4820749174487,-4.5189209897487,10.7762
