time,Mbol,u_lsst,g_lsst,r_lsst,i_lsst,z_lsst,Y_lsst,P
20918.305,-6.245,-0.271,-4.222,-5.662,-6.221,-6.503,-6.662,349.5
71646.336,-6.256,-0.302,-4.248,-5.682,-6.236,-6.517,-6.674,349.5
122376.95,-6.277,-0.382,-4.309,-5.731,-6.271,-6.544,-6.698,349.5
173102.4,-6.293,-0.43,-4.348,-5.762,-6.295,-6.564,-6.716,349.5
223827.84,-6.312,-0.481,-4.391,-5.797,-6.322,-6.587,-6.736,349.5
274553.28,-6.338,-0.57,-4.453,-5.845,-6.36,-6.62,-6.766,349.5
325287.34,-6.356,-0.642,-4.501,-5.881,-6.387,-6.643,-6.786,349.5
376012.8,-6.387,-0.722,-4.561,-5.93,-6.428,-6.679,-6.82,349.5
426738.22,-6.408,-0.793,-4.61,-5.967,-6.457,-6.704,-6.842,349.5
477463.66,-6.441,-0.889,-4.68,-6.023,-6.502,-6.744,-6.878,349.5
528197.75,-6.475,-0.972,-4.743,-6.076,-6.546,-6.784,-6.916,349.5
578923.2,-6.502,-1.067,-4.805,-6.123,-6.584,-6.816,-6.945,349.5
629648.6,-6.547,-1.197,-4.891,-6.19,-6.642,-6.868,-6.993,349.5
680374.06,-6.585,-1.33,-4.974,-6.253,-6.693,-6.912,-7.034,349.5
731108.1,-6.619,-1.493,-5.068,-6.319,-6.744,-6.955,-7.072,349.5
781833.56,-6.664,-1.717,-5.191,-6.403,-6.811,-7.01,-7.122,349.5
832559.0,-6.716,-1.999,-5.336,-6.5,-6.886,-7.072,-7.177,349.5
883267.2,-6.762,-2.156,-5.429,-6.569,-6.945,-7.124,-7.226,349.5
933984.06,-6.825,-2.399,-5.563,-6.665,-7.027,-7.195,-7.292,349.5
984700.8,-6.89,-2.681,-5.712,-6.768,-7.112,-7.268,-7.359,349.5
1035504.0,-6.969,-3.026,-5.891,-6.888,-7.212,-7.353,-7.438,349.5
1086220.8,-7.039,-3.36,-6.059,-6.996,-7.3,-7.426,-7.507,349.5
1136937.6,-7.083,-3.492,-6.137,-7.052,-7.35,-7.471,-7.55,349.5
1187654.4,-7.112,-3.513,-6.163,-7.08,-7.378,-7.499,-7.579,349.5
1238371.2,-7.127,-3.511,-6.172,-7.094,-7.393,-7.515,-7.595,349.5
1289088.0,-7.123,-3.487,-6.16,-7.087,-7.388,-7.511,-7.591,349.5
1339804.8,-7.118,-3.476,-6.153,-7.08,-7.382,-7.505,-7.586,349.5
1390521.6,-7.102,-3.381,-6.108,-7.054,-7.362,-7.489,-7.571,349.5
1441324.8,-7.089,-3.296,-6.068,-7.03,-7.343,-7.475,-7.558,349.5
1492041.5,-7.073,-3.216,-6.028,-7.005,-7.323,-7.458,-7.542,349.5
1542758.5,-7.051,-3.098,-5.971,-6.971,-7.295,-7.436,-7.522,349.5
1593475.2,-7.035,-3.01,-5.928,-6.944,-7.274,-7.419,-7.506,349.5
1644192.0,-7.014,-2.901,-5.875,-6.911,-7.247,-7.396,-7.485,349.5
1694908.9,-6.995,-2.782,-5.817,-6.874,-7.218,-7.373,-7.465,349.5
1745625.6,-6.979,-2.682,-5.769,-6.844,-7.195,-7.355,-7.448,349.5
1796342.4,-6.957,-2.567,-5.712,-6.807,-7.165,-7.33,-7.425,349.5
1847145.6,-6.941,-2.453,-5.659,-6.775,-7.14,-7.311,-7.409,349.5
1897862.4,-6.921,-2.338,-5.603,-6.739,-7.112,-7.288,-7.388,349.5
1948579.1,-6.904,-2.229,-5.549,-6.704,-7.085,-7.267,-7.369,349.5
1999296.0,-6.889,-2.125,-5.498,-6.672,-7.061,-7.247,-7.353,349.5
2050012.8,-6.872,-2.026,-5.448,-6.639,-7.035,-7.227,-7.334,349.5
2100729.5,-6.855,-1.912,-5.392,-6.604,-7.009,-7.206,-7.316,349.5
2151446.2,-6.839,-1.814,-5.344,-6.573,-6.985,-7.186,-7.299,349.5
2202249.8,-6.824,-1.721,-5.297,-6.543,-6.962,-7.168,-7.283,349.5
2252966.5,-6.809,-1.615,-5.24,-6.506,-6.935,-7.147,-7.265,349.5
2303683.2,-6.793,-1.529,-5.193,-6.473,-6.91,-7.127,-7.247,349.5
2354400.0,-6.779,-1.441,-5.145,-6.442,-6.887,-7.108,-7.231,349.5
2405116.8,-6.766,-1.354,-5.098,-6.411,-6.864,-7.09,-7.216,349.5
2455833.5,-6.752,-1.273,-5.054,-6.381,-6.842,-7.072,-7.2,349.5
2506550.2,-6.74,-1.193,-5.012,-6.353,-6.821,-7.056,-7.186,349.5
2557267.2,-6.729,-1.122,-4.969,-6.324,-6.801,-7.04,-7.173,349.5
2608070.5,-6.718,-1.06,-4.931,-6.297,-6.782,-7.025,-7.16,349.5
2658787.2,-6.708,-0.998,-4.892,-6.27,-6.763,-7.01,-7.148,349.5
2709504.0,-6.698,-0.934,-4.853,-6.243,-6.744,-6.996,-7.136,349.5
2760220.8,-6.689,-0.879,-4.818,-6.219,-6.727,-6.982,-7.125,349.5
2810937.8,-6.681,-0.834,-4.789,-6.198,-6.712,-6.971,-7.115,349.5
2861654.2,-6.674,-0.777,-4.755,-6.175,-6.697,-6.959,-7.106,349.5
2912371.2,-6.666,-0.735,-4.729,-6.157,-6.683,-6.948,-7.097,349.5
2963087.8,-6.659,-0.686,-4.698,-6.135,-6.669,-6.938,-7.088,349.5
3013891.2,-6.652,-0.65,-4.67,-6.115,-6.655,-6.928,-7.08,349.5
3064608.0,-6.646,-0.609,-4.639,-6.093,-6.641,-6.918,-7.072,349.5
3115324.8,-6.639,-0.573,-4.611,-6.073,-6.629,-6.908,-7.065,349.5
3166041.8,-6.634,-0.538,-4.584,-6.053,-6.616,-6.899,-7.058,349.5
3216758.2,-6.628,-0.502,-4.557,-6.034,-6.604,-6.89,-7.05,349.5
3267475.2,-6.622,-0.467,-4.53,-6.014,-6.591,-6.881,-7.043,349.5
3318192.0,-6.616,-0.435,-4.505,-5.996,-6.58,-6.873,-7.037,349.5
3368908.8,-6.611,-0.399,-4.478,-5.977,-6.568,-6.865,-7.03,349.5
3419712.2,-6.606,-0.367,-4.453,-5.96,-6.557,-6.857,-7.024,349.5
3470428.8,-6.602,-0.333,-4.428,-5.942,-6.546,-6.85,-7.019,349.5
3521145.8,-6.599,-0.31,-4.41,-5.93,-6.539,-6.844,-7.015,349.5
3571862.2,-6.592,-0.273,-4.379,-5.907,-6.525,-6.834,-7.007,349.5
3622579.2,-6.59,-0.252,-4.36,-5.892,-6.517,-6.83,-7.004,349.5
3673296.0,-6.584,-0.228,-4.336,-5.872,-6.505,-6.822,-6.997,349.5
3724013.0,-6.584,-0.206,-4.316,-5.857,-6.498,-6.819,-6.996,349.5
3774729.5,-6.575,-0.176,-4.287,-5.833,-6.483,-6.808,-6.987,349.5
3825532.8,-6.577,-0.167,-4.278,-5.827,-6.482,-6.808,-6.988,349.5
3876249.5,-6.568,-0.125,-4.238,-5.794,-6.462,-6.795,-6.977,349.5
3926966.5,-6.569,-0.121,-4.235,-5.792,-6.462,-6.795,-6.978,349.5
3977683.0,-6.57,-0.1,-4.215,-5.778,-6.457,-6.793,-6.978,349.5
4028400.0,-6.559,-0.067,-4.182,-5.75,-6.438,-6.779,-6.966,349.5
4079117.0,-6.561,-0.061,-4.177,-5.747,-6.438,-6.78,-6.967,349.5
4129833.5,-6.563,-0.045,-4.163,-5.738,-6.435,-6.78,-6.969,349.5
4180550.5,-6.55,-0.0,-4.118,-5.7,-6.412,-6.763,-6.955,349.5
4231353.5,-6.551,0.004,-4.114,-5.697,-6.411,-6.763,-6.955,349.5
4282070.5,-6.555,0.004,-4.115,-5.7,-6.414,-6.767,-6.959,349.5
4332787.0,-6.549,0.044,-4.076,-5.669,-6.398,-6.757,-6.952,349.5
4383504.0,-6.54,0.066,-4.051,-5.646,-6.383,-6.745,-6.942,349.5
4434220.5,-6.543,0.068,-4.048,-5.644,-6.384,-6.747,-6.944,349.5
4484937.5,-6.547,0.065,-4.052,-5.649,-6.389,-6.752,-6.949,349.5
4535654.5,-6.544,0.099,-4.01,-5.61,-6.372,-6.744,-6.944,349.5
4586371.0,-6.531,0.127,-3.974,-5.575,-6.35,-6.728,-6.93,349.5
4637174.5,-6.532,0.132,-3.968,-5.569,-6.349,-6.728,-6.931,349.5
4687891.0,-6.536,0.13,-3.971,-5.573,-6.352,-6.732,-6.935,349.5
4738608.0,-6.539,0.132,-3.968,-5.57,-6.354,-6.735,-6.939,349.5
4789324.5,-6.531,0.175,-3.914,-5.52,-6.329,-6.72,-6.928,349.5
4840041.5,-6.52,0.196,-3.887,-5.493,-6.312,-6.707,-6.917,349.5
4890758.5,-6.521,0.201,-3.881,-5.488,-6.311,-6.708,-6.917,349.5
4941475.5,-6.524,0.199,-3.883,-5.491,-6.314,-6.711,-6.92,349.5
4992192.0,-6.529,0.196,-3.887,-5.495,-6.319,-6.715,-6.925,349.5
5042995.0,-6.528,0.22,-3.857,-5.468,-6.308,-6.711,-6.924,349.5
5093712.0,-6.512,0.265,-3.8,-5.412,-6.276,-6.689,-6.905,349.5
5144429.0,-6.507,0.275,-3.787,-5.399,-6.269,-6.684,-6.9,349.5
5195145.5,-6.509,0.28,-3.781,-5.394,-6.268,-6.684,-6.902,349.5
5245862.5,-6.512,0.275,-3.786,-5.4,-6.272,-6.688,-6.905,349.5
5296579.5,-6.517,0.268,-3.795,-5.409,-6.279,-6.694,-6.911,349.5
5347296.0,-6.518,0.286,-3.773,-5.389,-6.272,-6.692,-6.911,349.5
5398013.0,-6.504,0.337,-3.708,-5.327,-6.239,-6.671,-6.894,349.5
5448816.0,-6.493,0.354,-3.681,-5.298,-6.222,-6.658,-6.883,349.5
5499533.0,-6.492,0.362,-3.666,-5.281,-6.216,-6.655,-6.882,349.5
5550249.5,-6.494,0.363,-3.665,-5.28,-6.217,-6.657,-6.884,349.5
5600966.0,-6.498,0.358,-3.671,-5.286,-6.222,-6.661,-6.888,349.5
5651683.5,-6.503,0.352,-3.681,-5.298,-6.229,-6.667,-6.893,349.5
5702400.0,-6.505,0.364,-3.659,-5.273,-6.222,-6.666,-6.894,349.5
5753116.5,-6.491,0.414,-3.574,-5.18,-6.181,-6.643,-6.879,349.5
5803834.0,-6.475,0.441,-3.531,-5.133,-6.155,-6.623,-6.862,349.5
5854637.0,-6.473,0.452,-3.512,-5.112,-6.146,-6.619,-6.859,349.5
5905353.5,-6.474,0.453,-3.51,-5.109,-6.146,-6.619,-6.86,349.5
5956070.0,-6.477,0.448,-3.518,-5.118,-6.151,-6.623,-6.863,349.5
6006787.5,-6.481,0.442,-3.527,-5.129,-6.157,-6.628,-6.868,349.5
6057504.0,-6.486,0.441,-3.528,-5.13,-6.161,-6.632,-6.872,349.5
6108220.5,-6.488,0.447,-3.515,-5.116,-6.158,-6.633,-6.874,349.5
6158937.5,-6.478,0.493,-3.436,-5.029,-6.122,-6.613,-6.862,349.5
6209654.5,-6.459,0.529,-3.379,-4.966,-6.087,-6.589,-6.842,349.5
6260457.5,-6.452,0.544,-3.356,-4.94,-6.074,-6.58,-6.834,349.5
6311174.0,-6.452,0.552,-3.341,-4.923,-6.068,-6.577,-6.833,349.5
6361891.5,-6.453,0.555,-3.336,-4.918,-6.067,-6.578,-6.834,349.5
6412608.0,-6.456,0.549,-3.344,-4.927,-6.072,-6.582,-6.838,349.5
6463324.5,-6.459,0.544,-3.353,-4.937,-6.078,-6.586,-6.841,349.5
6514041.5,-6.463,0.538,-3.362,-4.947,-6.084,-6.59,-6.845,349.5
6564758.5,-6.465,0.542,-3.354,-4.938,-6.082,-6.591,-6.846,349.5
6615475.5,-6.456,0.591,-3.268,-4.843,-6.044,-6.572,-6.836,349.5
6666278.0,-6.437,0.639,-3.174,-4.736,-5.994,-6.54,-6.814,349.5
6716995.0,-6.426,0.655,-3.146,-4.703,-5.975,-6.526,-6.802,349.5
6767712.0,-6.423,0.66,-3.136,-4.692,-5.97,-6.522,-6.799,349.5
6818429.0,-6.424,0.657,-3.141,-4.697,-5.972,-6.523,-6.8,349.5
6869145.5,-6.426,0.656,-3.142,-4.699,-5.974,-6.525,-6.801,349.5
6919862.5,-6.428,0.655,-3.143,-4.7,-5.976,-6.527,-6.803,349.5
6970579.5,-6.431,0.656,-3.138,-4.694,-5.976,-6.529,-6.806,349.5
7021296.0,-6.433,0.659,-3.128,-4.683,-5.973,-6.529,-6.808,349.5
7072099.0,-6.434,0.663,-3.118,-4.671,-5.97,-6.528,-6.809,349.5
7122816.0,-6.428,0.705,-3.023,-4.561,-5.927,-6.506,-6.799,349.5
7173533.0,-6.409,0.749,-2.934,-4.458,-5.879,-6.475,-6.777,349.5
7224249.5,-6.394,0.773,-2.89,-4.408,-5.851,-6.455,-6.76,349.5
7274966.0,-6.389,0.779,-2.879,-4.395,-5.844,-6.449,-6.755,349.5
7325683.5,-6.388,0.785,-2.866,-4.38,-5.838,-6.446,-6.754,349.5
7376400.0,-6.388,0.789,-2.855,-4.367,-5.833,-6.444,-6.754,349.5
7427116.5,-6.389,0.791,-2.852,-4.363,-5.833,-6.444,-6.754,349.5
7477920.5,-6.39,0.793,-2.845,-4.355,-5.831,-6.444,-6.755,349.5
7528637.0,-6.391,0.797,-2.834,-4.343,-5.827,-6.443,-6.756,349.5
7579353.5,-6.393,0.8,-2.827,-4.335,-5.825,-6.443,-6.757,349.5
7630070.0,-6.393,0.803,-2.82,-4.326,-5.822,-6.442,-6.757,349.5
7680787.5,-6.389,0.827,-2.766,-4.263,-5.798,-6.429,-6.751,349.5
7731504.0,-6.377,0.867,-2.678,-4.162,-5.755,-6.404,-6.736,349.5
7782220.5,-6.36,0.905,-2.593,-4.065,-5.708,-6.372,-6.715,349.5
7832937.5,-6.347,0.928,-2.537,-4.002,-5.675,-6.348,-6.699,349.5
7883741.0,-6.34,0.937,-2.516,-3.979,-5.662,-6.338,-6.691,349.5
7934457.5,-6.338,0.941,-2.505,-3.966,-5.656,-6.334,-6.689,349.5
7985174.0,-6.338,0.946,-2.489,-3.948,-5.649,-6.33,-6.687,349.5
8035891.5,-6.337,0.952,-2.473,-3.93,-5.641,-6.325,-6.685,349.5
8086608.0,-6.336,0.957,-2.457,-3.912,-5.633,-6.32,-6.683,349.5
8137324.5,-6.335,0.964,-2.436,-3.888,-5.624,-6.314,-6.681,349.5
8188041.5,-6.334,0.971,-2.415,-3.864,-5.614,-6.308,-6.678,349.5
8238758.5,-6.333,0.978,-2.394,-3.841,-5.604,-6.302,-6.676,349.5
8289561.5,-6.331,0.984,-2.378,-3.822,-5.596,-6.297,-6.674,349.5
8340278.0,-6.328,1.002,-2.324,-3.761,-5.57,-6.281,-6.667,349.5
8390995.0,-6.32,1.031,-2.242,-3.669,-5.53,-6.255,-6.654,349.5
8441712.0,-6.307,1.071,-2.13,-3.542,-5.472,-6.218,-6.635,349.5
8492429.0,-6.29,1.108,-2.035,-3.435,-5.42,-6.181,-6.612,349.5
8543145.0,-6.279,1.128,-1.986,-3.38,-5.392,-6.161,-6.599,349.5
8593863.0,-6.271,1.142,-1.954,-3.344,-5.372,-6.146,-6.588,349.5
8644320.0,-6.268,1.152,-1.926,-3.312,-5.359,-6.137,-6.584,349.5
8695296.0,-6.265,1.162,-1.898,-3.281,-5.345,-6.128,-6.579,349.5
8746272.0,-6.262,1.17,-1.875,-3.255,-5.333,-6.12,-6.575,349.5
8796384.0,-6.258,1.179,-1.852,-3.229,-5.32,-6.111,-6.57,349.5
8847360.0,-6.255,1.187,-1.829,-3.203,-5.308,-6.102,-6.565,349.5
8898336.0,-6.252,1.195,-1.804,-3.177,-5.294,-6.092,-6.559,349.5
8949312.0,-6.249,1.202,-1.78,-3.15,-5.281,-6.082,-6.554,349.5
8999424.0,-6.246,1.208,-1.761,-3.13,-5.271,-6.074,-6.549,349.5
9050400.0,-6.243,1.214,-1.742,-3.11,-5.26,-6.066,-6.545,349.5
9101376.0,-6.24,1.223,-1.713,-3.078,-5.245,-6.055,-6.539,349.5
9151488.0,-6.236,1.233,-1.677,-3.04,-5.226,-6.041,-6.532,349.5
9202464.0,-6.231,1.252,-1.612,-2.97,-5.192,-6.017,-6.521,349.5
9253440.0,-6.222,1.279,-1.517,-2.868,-5.143,-5.982,-6.504,349.5
9304416.0,-6.208,1.317,-1.39,-2.732,-5.075,-5.932,-6.478,349.5
9354528.0,-6.193,1.351,-1.279,-2.612,-5.014,-5.886,-6.453,349.5
9405504.0,-6.178,1.378,-1.202,-2.529,-4.969,-5.851,-6.431,349.5
9456480.0,-6.168,1.395,-1.15,-2.473,-4.939,-5.827,-6.417,349.5
9506592.0,-6.16,1.41,-1.106,-2.425,-4.914,-5.808,-6.405,349.5
9557568.0,-6.154,1.423,-1.063,-2.379,-4.89,-5.79,-6.395,349.5
9608544.0,-6.149,1.436,-1.02,-2.333,-4.867,-5.773,-6.387,349.5
9659520.0,-6.144,1.447,-0.983,-2.294,-4.847,-5.758,-6.379,349.5
9709632.0,-6.14,1.455,-0.958,-2.27,-4.832,-5.746,-6.371,349.5
9760608.0,-6.135,1.464,-0.933,-2.245,-4.816,-5.733,-6.363,349.5
9811584.0,-6.13,1.472,-0.909,-2.222,-4.801,-5.721,-6.356,349.5
9861696.0,-6.126,1.481,-0.88,-2.194,-4.784,-5.708,-6.348,349.5
9912672.0,-6.121,1.49,-0.851,-2.166,-4.767,-5.694,-6.34,349.5
9963648.0,-6.116,1.501,-0.817,-2.133,-4.746,-5.677,-6.33,349.5
1.0014624E7,-6.11,1.512,-0.782,-2.1,-4.725,-5.661,-6.32,349.5
1.0064736E7,-6.104,1.523,-0.748,-2.067,-4.705,-5.644,-6.31,349.5
1.0115712E7,-6.097,1.536,-0.708,-2.029,-4.681,-5.625,-6.298,349.5
1.0166688E7,-6.09,1.548,-0.669,-1.991,-4.657,-5.605,-6.287,349.5
1.02168E7,-6.083,1.562,-0.625,-1.949,-4.63,-5.584,-6.274,349.5
1.0267776E7,-6.075,1.575,-0.585,-1.911,-4.606,-5.564,-6.262,349.5
1.0318752E7,-6.068,1.589,-0.545,-1.873,-4.581,-5.545,-6.25,349.5
1.0369728E7,-6.059,1.605,-0.492,-1.822,-4.549,-5.519,-6.235,349.5
1.041984E7,-6.051,1.623,-0.434,-1.766,-4.515,-5.492,-6.22,349.5
1.0470816E7,-6.042,1.641,-0.376,-1.711,-4.48,-5.464,-6.203,349.5
1.0521792E7,-6.032,1.661,-0.313,-1.65,-4.443,-5.434,-6.186,349.5
1.0571904E7,-6.022,1.677,-0.271,-1.611,-4.414,-5.411,-6.17,349.5
1.062288E7,-6.012,1.692,-0.233,-1.577,-4.388,-5.389,-6.155,349.5
1.0673856E7,-6.003,1.702,-0.206,-1.552,-4.368,-5.373,-6.143,349.5
1.0724832E7,-5.996,1.711,-0.186,-1.533,-4.353,-5.36,-6.133,349.5
1.0774944E7,-5.99,1.719,-0.166,-1.515,-4.339,-5.348,-6.125,349.5
1.082592E7,-5.986,1.726,-0.148,-1.499,-4.326,-5.338,-6.118,349.5
1.0876896E7,-5.982,1.732,-0.133,-1.485,-4.315,-5.329,-6.112,349.5
1.0927008E7,-5.978,1.737,-0.118,-1.471,-4.305,-5.32,-6.106,349.5
1.0977984E7,-5.974,1.743,-0.103,-1.458,-4.295,-5.312,-6.1,349.5
1.102896E7,-5.97,1.748,-0.091,-1.447,-4.286,-5.304,-6.095,349.5
1.1079936E7,-5.967,1.753,-0.079,-1.436,-4.277,-5.297,-6.09,349.5
1.1130049E7,-5.963,1.757,-0.068,-1.426,-4.269,-5.29,-6.085,349.5
1.1181024E7,-5.961,1.762,-0.057,-1.415,-4.261,-5.284,-6.08,349.5
1.1232E7,-5.957,1.766,-0.045,-1.405,-4.253,-5.277,-6.076,349.5
1.1282112E7,-5.955,1.769,-0.037,-1.398,-4.247,-5.272,-6.072,349.5
1.1333088E7,-5.952,1.773,-0.029,-1.39,-4.241,-5.267,-6.068,349.5
1.1384064E7,-5.949,1.776,-0.021,-1.383,-4.235,-5.262,-6.065,349.5
1.1435041E7,-5.946,1.78,-0.01,-1.373,-4.227,-5.256,-6.06,349.5
1.1485151E7,-5.943,1.784,-0.002,-1.365,-4.222,-5.251,-6.056,349.5
1.1536128E7,-5.941,1.786,0.003,-1.361,-4.218,-5.247,-6.053,349.5
1.1587104E7,-5.938,1.789,0.011,-1.353,-4.212,-5.242,-6.05,349.5
1.1637216E7,-5.936,1.792,0.015,-1.349,-4.208,-5.239,-6.047,349.5
1.1688192E7,-5.934,1.793,0.017,-1.347,-4.206,-5.237,-6.045,349.5
1.1739168E7,-5.932,1.795,0.021,-1.343,-4.202,-5.234,-6.042,349.5
1.1790145E7,-5.931,1.795,0.019,-1.345,-4.203,-5.234,-6.042,349.5
1.1840255E7,-5.929,1.796,0.02,-1.344,-4.202,-5.233,-6.041,349.5
1.1891232E7,-5.928,1.796,0.017,-1.346,-4.203,-5.233,-6.04,349.5
1.1942208E7,-5.928,1.793,0.008,-1.354,-4.208,-5.237,-6.042,349.5
1.199232E7,-5.928,1.792,0.002,-1.359,-4.212,-5.239,-6.043,349.5
1.2043296E7,-5.928,1.79,-0.004,-1.364,-4.215,-5.241,-6.044,349.5
1.2094272E7,-5.928,1.787,-0.014,-1.373,-4.221,-5.246,-6.046,349.5
1.2145249E7,-5.929,1.784,-0.024,-1.381,-4.227,-5.25,-6.048,349.5
1.2195359E7,-5.93,1.781,-0.034,-1.39,-4.233,-5.255,-6.051,349.5
1.2246336E7,-5.93,1.78,-0.037,-1.393,-4.235,-5.256,-6.051,349.5
1.2297312E7,-5.93,1.778,-0.043,-1.398,-4.238,-5.259,-6.052,349.5
1.2347424E7,-5.93,1.777,-0.05,-1.404,-4.242,-5.261,-6.053,349.5
1.23984E7,-5.929,1.777,-0.049,-1.403,-4.241,-5.26,-6.053,349.5
1.2449376E7,-5.928,1.777,-0.051,-1.405,-4.242,-5.261,-6.052,349.5
1.2499488E7,-5.927,1.778,-0.051,-1.404,-4.241,-5.259,-6.051,349.5
1.2550464E7,-5.924,1.78,-0.046,-1.399,-4.237,-5.256,-6.048,349.5
1.2601441E7,-5.922,1.783,-0.041,-1.395,-4.233,-5.253,-6.045,349.5
1.2652416E7,-5.92,1.784,-0.04,-1.393,-4.231,-5.251,-6.043,349.5
1.2702528E7,-5.916,1.788,-0.032,-1.385,-4.225,-5.245,-6.039,349.5
1.2753504E7,-5.913,1.79,-0.026,-1.381,-4.22,-5.241,-6.035,349.5
1.280448E7,-5.91,1.792,-0.024,-1.378,-4.218,-5.238,-6.032,349.5
1.2854592E7,-5.907,1.795,-0.019,-1.373,-4.213,-5.234,-6.029,349.5
1.2905568E7,-5.904,1.797,-0.017,-1.371,-4.211,-5.231,-6.026,349.5
1.2956545E7,-5.902,1.797,-0.019,-1.372,-4.211,-5.231,-6.025,349.5
1.300752E7,-5.9,1.797,-0.024,-1.376,-4.212,-5.231,-6.024,349.5
1.3057632E7,-5.898,1.797,-0.026,-1.377,-4.212,-5.231,-6.022,349.5
1.3108608E7,-5.897,1.796,-0.032,-1.382,-4.215,-5.232,-6.022,349.5
1.3159584E7,-5.896,1.795,-0.037,-1.386,-4.218,-5.234,-6.023,349.5
1.3209696E7,-5.895,1.793,-0.046,-1.394,-4.222,-5.237,-6.023,349.5
1.3260672E7,-5.894,1.793,-0.048,-1.396,-4.223,-5.237,-6.023,349.5
1.3311649E7,-5.892,1.794,-0.047,-1.395,-4.222,-5.236,-6.021,349.5
1.3362624E7,-5.891,1.795,-0.046,-1.393,-4.22,-5.234,-6.02,349.5
1.3412736E7,-5.889,1.797,-0.042,-1.389,-4.217,-5.231,-6.017,349.5
1.3463712E7,-5.885,1.802,-0.03,-1.378,-4.208,-5.224,-6.012,349.5
1.3514688E7,-5.881,1.807,-0.018,-1.367,-4.199,-5.217,-6.007,349.5
1.35648E7,-5.876,1.813,-0.003,-1.353,-4.188,-5.207,-6.0,349.5
1.3615776E7,-5.87,1.821,0.017,-1.335,-4.174,-5.195,-5.991,349.5
1.3666751E7,-5.864,1.828,0.033,-1.32,-4.162,-5.185,-5.983,349.5
1.3717728E7,-5.857,1.836,0.053,-1.301,-4.147,-5.172,-5.974,349.5
1.3767841E7,-5.85,1.844,0.07,-1.285,-4.134,-5.161,-5.965,349.5
1.3818816E7,-5.843,1.851,0.087,-1.27,-4.121,-5.15,-5.957,349.5
1.3869792E7,-5.837,1.858,0.103,-1.254,-4.109,-5.139,-5.949,349.5
1.3919904E7,-5.831,1.865,0.12,-1.239,-4.097,-5.129,-5.941,349.5
1.397088E7,-5.826,1.868,0.123,-1.236,-4.092,-5.125,-5.936,349.5
1.4021855E7,-5.822,1.872,0.129,-1.23,-4.087,-5.119,-5.931,349.5
1.4072832E7,-5.817,1.875,0.132,-1.226,-4.083,-5.115,-5.927,349.5
1.4122945E7,-5.814,1.877,0.134,-1.224,-4.08,-5.112,-5.924,349.5
1.417392E7,-5.811,1.878,0.133,-1.224,-4.079,-5.11,-5.922,349.5
1.4224896E7,-5.807,1.881,0.138,-1.219,-4.074,-5.106,-5.918,349.5
1.4275008E7,-5.804,1.885,0.147,-1.211,-4.067,-5.1,-5.913,349.5
1.4325984E7,-5.8,1.889,0.155,-1.203,-4.061,-5.094,-5.908,349.5
1.4376959E7,-5.794,1.896,0.174,-1.185,-4.047,-5.083,-5.901,349.5
1.4427936E7,-5.789,1.905,0.197,-1.165,-4.032,-5.07,-5.892,349.5
1.4478049E7,-5.782,1.914,0.22,-1.143,-4.015,-5.056,-5.882,349.5
1.4529024E7,-5.773,1.925,0.247,-1.118,-3.995,-5.039,-5.87,349.5
1.458E7,-5.764,1.936,0.275,-1.093,-3.975,-5.023,-5.858,349.5
1.4630112E7,-5.755,1.949,0.309,-1.062,-3.951,-5.003,-5.844,349.5
1.4681088E7,-5.746,1.96,0.334,-1.037,-3.932,-4.987,-5.832,349.5
1.4732064E7,-5.736,1.97,0.357,-1.013,-3.914,-4.972,-5.82,349.5
1.4783041E7,-5.728,1.979,0.376,-0.994,-3.898,-4.959,-5.809,349.5
1.4833151E7,-5.72,1.987,0.393,-0.976,-3.884,-4.947,-5.8,349.5
1.4884128E7,-5.713,1.993,0.405,-0.963,-3.874,-4.937,-5.792,349.5
1.4935104E7,-5.707,1.998,0.414,-0.954,-3.865,-4.93,-5.785,349.5
1.4985216E7,-5.701,2.004,0.426,-0.942,-3.856,-4.921,-5.778,349.5
1.5036192E7,-5.696,2.009,0.437,-0.93,-3.847,-4.914,-5.772,349.5
1.5087168E7,-5.691,2.014,0.448,-0.919,-3.837,-4.906,-5.765,349.5
1.5138145E7,-5.685,2.021,0.464,-0.902,-3.825,-4.895,-5.757,349.5
1.5188255E7,-5.678,2.031,0.489,-0.877,-3.806,-4.881,-5.747,349.5
1.5239232E7,-5.669,2.041,0.515,-0.851,-3.787,-4.865,-5.735,349.5
1.5290208E7,-5.66,2.053,0.544,-0.822,-3.765,-4.847,-5.722,349.5
1.534032E7,-5.65,2.065,0.573,-0.792,-3.742,-4.829,-5.708,349.5
1.5391296E7,-5.64,2.076,0.598,-0.767,-3.723,-4.813,-5.696,349.5
1.5442272E7,-5.631,2.086,0.621,-0.742,-3.704,-4.797,-5.684,349.5
1.5493249E7,-5.621,2.097,0.645,-0.718,-3.685,-4.781,-5.671,349.5
1.5543359E7,-5.612,2.107,0.669,-0.694,-3.666,-4.766,-5.659,349.5
1.5594336E7,-5.604,2.114,0.684,-0.677,-3.653,-4.754,-5.65,349.5
1.5645312E7,-5.596,2.122,0.7,-0.662,-3.64,-4.743,-5.64,349.5
1.5695424E7,-5.589,2.127,0.709,-0.651,-3.631,-4.735,-5.633,349.5
1.57464E7,-5.583,2.132,0.718,-0.642,-3.623,-4.728,-5.626,349.5
1.5797376E7,-5.577,2.139,0.732,-0.628,-3.612,-4.718,-5.619,349.5
1.5848351E7,-5.571,2.146,0.749,-0.611,-3.599,-4.708,-5.611,349.5
1.5898464E7,-5.564,2.154,0.768,-0.591,-3.584,-4.695,-5.602,349.5
1.5949441E7,-5.556,2.165,0.797,-0.562,-3.563,-4.679,-5.59,349.5
1.6000416E7,-5.546,2.176,0.825,-0.53,-3.541,-4.661,-5.577,349.5
1.6050528E7,-5.536,2.187,0.85,-0.502,-3.522,-4.646,-5.564,349.5
1.6101504E7,-5.526,2.199,0.876,-0.471,-3.5,-4.629,-5.551,349.5
1.615248E7,-5.517,2.206,0.889,-0.456,-3.488,-4.618,-5.541,349.5
1.6203455E7,-5.509,2.212,0.898,-0.445,-3.479,-4.609,-5.533,349.5
1.6253568E7,-5.503,2.214,0.895,-0.449,-3.479,-4.607,-5.529,349.5
1.6304545E7,-5.499,2.215,0.895,-0.449,-3.477,-4.604,-5.526,349.5
1.635552E7,-5.497,2.214,0.885,-0.46,-3.482,-4.607,-5.526,349.5
1.6405632E7,-5.495,2.214,0.884,-0.461,-3.482,-4.606,-5.525,349.5
1.6456608E7,-5.493,2.215,0.883,-0.462,-3.482,-4.605,-5.523,349.5
1.6507584E7,-5.489,2.22,0.895,-0.449,-3.472,-4.598,-5.517,349.5
1.6557696E7,-5.482,2.227,0.911,-0.431,-3.46,-4.588,-5.509,349.5
1.6608672E7,-5.475,2.232,0.917,-0.423,-3.453,-4.58,-5.502,349.5
1.6659649E7,-5.468,2.236,0.924,-0.416,-3.446,-4.574,-5.496,349.5
1.6710624E7,-5.463,2.235,0.913,-0.428,-3.45,-4.575,-5.494,349.5
1.6760736E7,-5.46,2.234,0.903,-0.439,-3.455,-4.577,-5.493,349.5
1.6811712E7,-5.46,2.228,0.883,-0.462,-3.468,-4.585,-5.497,349.5
1.6862688E7,-5.461,2.223,0.864,-0.483,-3.48,-4.593,-5.501,349.5
1.69128E7,-5.463,2.223,0.865,-0.482,-3.48,-4.593,-5.502,349.5
1.6963776E7,-5.462,2.216,0.839,-0.509,-3.496,-4.603,-5.506,349.5
1.7014752E7,-5.461,2.217,0.842,-0.506,-3.493,-4.601,-5.505,349.5
1.7065728E7,-5.459,2.211,0.815,-0.532,-3.509,-4.611,-5.508,349.5
1.711584E7,-5.459,2.204,0.787,-0.559,-3.526,-4.622,-5.513,349.5
1.7166816E7,-5.461,2.203,0.788,-0.558,-3.526,-4.623,-5.515,349.5
1.7217792E7,-5.461,2.199,0.773,-0.573,-3.536,-4.63,-5.518,349.5
1.7267904E7,-5.459,2.196,0.756,-0.589,-3.545,-4.635,-5.519,349.5
1.731888E7,-5.458,2.201,0.775,-0.571,-3.533,-4.626,-5.515,349.5
1.7369856E7,-5.454,2.203,0.775,-0.57,-3.531,-4.624,-5.512,349.5
1.7420832E7,-5.449,2.194,0.732,-0.612,-3.555,-4.638,-5.515,349.5
1.7470944E7,-5.448,2.183,0.689,-0.653,-3.58,-4.655,-5.522,349.5
1.752192E7,-5.453,2.182,0.696,-0.647,-3.578,-4.655,-5.525,349.5
1.7572896E7,-5.455,2.185,0.71,-0.633,-3.57,-4.651,-5.524,349.5
1.7623008E7,-5.45,2.183,0.693,-0.65,-3.578,-4.654,-5.523,349.5
1.7673984E7,-5.446,2.171,0.639,-0.701,-3.609,-4.673,-5.529,349.5
1.772496E7,-5.449,2.16,0.604,-0.736,-3.631,-4.689,-5.538,349.5
1.7775936E7,-5.456,2.159,0.613,-0.729,-3.629,-4.69,-5.542,349.5
1.7826048E7,-5.458,2.158,0.609,-0.733,-3.632,-4.693,-5.545,349.5
1.7877024E7,-5.456,2.152,0.585,-0.756,-3.646,-4.701,-5.547,349.5
1.7928E7,-5.454,2.141,0.537,-0.802,-3.673,-4.719,-5.554,349.5
1.7978112E7,-5.456,2.12,0.46,-0.873,-3.718,-4.751,-5.569,349.5
1.8029088E7,-5.464,2.099,0.396,-0.93,-3.758,-4.781,-5.586,349.5
1.8080064E7,-5.477,2.086,0.366,-0.959,-3.781,-4.801,-5.602,349.5
1.813104E7,-5.486,2.078,0.348,-0.976,-3.795,-4.814,-5.612,349.5
1.8181152E7,-5.491,2.067,0.314,-1.007,-3.817,-4.831,-5.622,349.5
1.8232128E7,-5.497,2.046,0.243,-1.07,-3.859,-4.862,-5.638,349.5
1.8283104E7,-5.506,2.015,0.138,-1.162,-3.921,-4.908,-5.663,349.5
1.8333216E7,-5.521,1.977,0.013,-1.276,-3.996,-4.966,-5.695,349.5
1.8384192E7,-5.546,1.937,-0.106,-1.393,-4.07,-5.026,-5.732,349.5
1.8435168E7,-5.57,1.912,-0.164,-1.452,-4.112,-5.063,-5.761,349.5
1.8486144E7,-5.59,1.882,-0.254,-1.541,-4.168,-5.109,-5.79,349.5
1.8536256E7,-5.619,1.83,-0.422,-1.705,-4.268,-5.188,-5.837,349.5
1.8587232E7,-5.653,1.772,-0.602,-1.883,-4.377,-5.276,-5.89,349.5
1.8638208E7,-5.687,1.703,-0.826,-2.117,-4.502,-5.371,-5.944,349.5
1.868832E7,-5.725,1.641,-1.006,-2.312,-4.608,-5.454,-5.996,349.5
1.8739296E7,-5.779,1.552,-1.268,-2.594,-4.761,-5.573,-6.071,349.5
1.8790272E7,-5.816,1.44,-1.63,-2.989,-4.947,-5.702,-6.135,349.5
1.8841248E7,-5.863,1.285,-2.063,-3.473,-5.165,-5.844,-6.207,349.5
1.889136E7,-5.924,1.153,-2.374,-3.823,-5.335,-5.96,-6.282,349.5
1.8942336E7,-5.983,1.04,-2.593,-4.075,-5.461,-6.048,-6.347,349.5
1.8993312E7,-6.027,0.918,-2.847,-4.365,-5.591,-6.128,-6.398,349.5
1.9043424E7,-6.068,0.789,-3.071,-4.615,-5.704,-6.195,-6.445,349.5
1.90944E7,-6.114,0.67,-3.262,-4.825,-5.806,-6.261,-6.495,349.5
1.9145376E7,-6.144,0.609,-3.358,-4.93,-5.862,-6.301,-6.528,349.5
1.9196352E7,-6.168,0.547,-3.448,-5.026,-5.911,-6.334,-6.554,349.5
1.9246464E7,-6.19,0.471,-3.542,-5.115,-5.959,-6.365,-6.578,349.5
1.929744E7,-6.213,0.398,-3.632,-5.202,-6.006,-6.396,-6.604,349.5
1.9348416E7,-6.232,0.353,-3.688,-5.255,-6.039,-6.42,-6.625,349.5
1.9398528E7,-6.244,0.324,-3.723,-5.29,-6.06,-6.436,-6.638,349.5
1.9449504E7,-6.257,0.288,-3.768,-5.333,-6.084,-6.452,-6.651,349.5
1.950048E7,-6.266,0.257,-3.805,-5.369,-6.103,-6.466,-6.662,349.5
1.9551456E7,-6.278,0.231,-3.838,-5.401,-6.123,-6.48,-6.674,349.5
1.9601568E7,-6.284,0.214,-3.855,-5.416,-6.133,-6.488,-6.681,349.5
1.9652544E7,-6.289,0.181,-3.886,-5.441,-6.147,-6.497,-6.688,349.5
1.970352E7,-6.291,0.182,-3.885,-5.441,-6.147,-6.498,-6.689,349.5
1.9753632E7,-6.295,0.182,-3.887,-5.443,-6.151,-6.502,-6.694,349.5
1.9804608E7,-6.3,0.174,-3.895,-5.451,-6.157,-6.507,-6.699,349.5
1.9855584E7,-6.305,0.133,-3.933,-5.481,-6.173,-6.517,-6.705,349.5
1.990656E7,-6.304,0.113,-3.95,-5.493,-6.178,-6.518,-6.705,349.5
1.9956672E7,-6.304,0.095,-3.966,-5.505,-6.183,-6.521,-6.706,349.5
2.0007648E7,-6.311,0.064,-3.996,-5.53,-6.198,-6.531,-6.714,349.5
2.0058624E7,-6.319,0.034,-4.025,-5.554,-6.213,-6.542,-6.724,349.5
2.0108736E7,-6.321,0.04,-4.02,-5.551,-6.212,-6.543,-6.725,349.5
2.0159712E7,-6.326,0.005,-4.053,-5.577,-6.227,-6.552,-6.732,349.5
2.0210688E7,-6.336,-0.054,-4.107,-5.62,-6.251,-6.568,-6.744,349.5
2.0261664E7,-6.346,-0.094,-4.144,-5.651,-6.27,-6.582,-6.755,349.5
2.0311776E7,-6.352,-0.134,-4.181,-5.681,-6.287,-6.592,-6.763,349.5
2.0362752E7,-6.357,-0.174,-4.21,-5.701,-6.299,-6.6,-6.769,349.5
2.0413728E7,-6.361,-0.201,-4.231,-5.716,-6.308,-6.607,-6.775,349.5
2.046384E7,-6.369,-0.227,-4.251,-5.732,-6.32,-6.617,-6.783,349.5
2.0514816E7,-6.377,-0.251,-4.271,-5.748,-6.332,-6.627,-6.792,349.5
2.0565792E7,-6.386,-0.272,-4.289,-5.763,-6.344,-6.638,-6.802,349.5
2.0615904E7,-6.393,-0.3,-4.311,-5.78,-6.356,-6.646,-6.809,349.5
2.066688E7,-6.394,-0.311,-4.319,-5.785,-6.359,-6.649,-6.811,349.5
2.0717856E7,-6.391,-0.313,-4.319,-5.784,-6.357,-6.646,-6.808,349.5
2.0768832E7,-6.388,-0.321,-4.323,-5.786,-6.356,-6.644,-6.806,349.5
2.0818944E7,-6.386,-0.325,-4.325,-5.785,-6.355,-6.642,-6.803,349.5
2.086992E7,-6.382,-0.328,-4.325,-5.784,-6.352,-6.639,-6.8,349.5
2.0920896E7,-6.379,-0.329,-4.324,-5.782,-6.35,-6.636,-6.797,349.5
2.0971008E7,-6.377,-0.328,-4.322,-5.78,-6.347,-6.634,-6.794,349.5
2.1021984E7,-6.374,-0.324,-4.318,-5.776,-6.345,-6.631,-6.792,349.5
2.107296E7,-6.373,-0.326,-4.319,-5.777,-6.344,-6.63,-6.791,349.5
2.1123936E7,-6.373,-0.331,-4.323,-5.779,-6.345,-6.631,-6.791,349.5
2.1174048E7,-6.375,-0.343,-4.331,-5.785,-6.349,-6.634,-6.793,349.5
2.1225024E7,-6.38,-0.367,-4.35,-5.799,-6.358,-6.641,-6.799,349.5
2.1276E7,-6.386,-0.394,-4.371,-5.814,-6.369,-6.649,-6.806,349.5
2.1326112E7,-6.391,-0.422,-4.392,-5.83,-6.38,-6.657,-6.813,349.5
2.1377088E7,-6.397,-0.449,-4.412,-5.845,-6.39,-6.665,-6.819,349.5
2.1428064E7,-6.4,-0.457,-4.418,-5.851,-6.394,-6.668,-6.822,349.5
2.147904E7,-6.4,-0.454,-4.417,-5.85,-6.394,-6.668,-6.822,349.5
2.1529152E7,-6.398,-0.445,-4.41,-5.845,-6.39,-6.666,-6.82,349.5
2.1580128E7,-6.394,-0.435,-4.401,-5.838,-6.385,-6.661,-6.816,349.5
2.1631104E7,-6.389,-0.415,-4.386,-5.826,-6.376,-6.654,-6.81,349.5
2.1681216E7,-6.384,-0.393,-4.369,-5.812,-6.367,-6.647,-6.804,349.5
2.1732192E7,-6.377,-0.373,-4.353,-5.8,-6.357,-6.639,-6.797,349.5
2.1783168E7,-6.372,-0.354,-4.337,-5.787,-6.348,-6.631,-6.79,349.5
2.1834144E7,-6.366,-0.337,-4.324,-5.776,-6.34,-6.625,-6.784,349.5
2.1884256E7,-6.361,-0.324,-4.312,-5.767,-6.333,-6.619,-6.779,349.5
2.1935232E7,-6.356,-0.31,-4.3,-5.757,-6.325,-6.612,-6.773,349.5
2.1986208E7,-6.35,-0.295,-4.288,-5.747,-6.318,-6.605,-6.767,349.5
2.203632E7,-6.344,-0.281,-4.276,-5.737,-6.31,-6.599,-6.76,349.5
2.2087296E7,-6.339,-0.273,-4.268,-5.73,-6.303,-6.593,-6.755,349.5
2.2138272E7,-6.334,-0.264,-4.26,-5.723,-6.297,-6.587,-6.75,349.5
2.2189248E7,-6.33,-0.254,-4.251,-5.715,-6.291,-6.582,-6.745,349.5
2.223936E7,-6.326,-0.246,-4.245,-5.71,-6.287,-6.578,-6.741,349.5
2.2290336E7,-6.324,-0.242,-4.24,-5.706,-6.284,-6.575,-6.739,349.5
2.234131E7,-6.321,-0.232,-4.232,-5.699,-6.279,-6.571,-6.735,349.5
2.2391424E7,-6.318,-0.228,-4.228,-5.696,-6.276,-6.568,-6.732,349.5
2.24424E7,-6.317,-0.23,-4.229,-5.696,-6.275,-6.568,-6.732,349.5
2.2493376E7,-6.319,-0.239,-4.236,-5.701,-6.279,-6.57,-6.734,349.5
2.2544352E7,-6.323,-0.244,-4.242,-5.706,-6.283,-6.575,-6.738,349.5
2.2594464E7,-6.328,-0.255,-4.251,-5.714,-6.29,-6.58,-6.743,349.5
2.264544E7,-6.331,-0.268,-4.261,-5.722,-6.296,-6.585,-6.747,349.5
2.2696416E7,-6.334,-0.28,-4.271,-5.729,-6.3,-6.589,-6.75,349.5
2.2746528E7,-6.335,-0.286,-4.275,-5.732,-6.302,-6.59,-6.751,349.5
2.2797502E7,-6.333,-0.288,-4.275,-5.732,-6.302,-6.589,-6.75,349.5
2.2848482E7,-6.332,-0.287,-4.274,-5.731,-6.3,-6.587,-6.748,349.5
2.2899456E7,-6.33,-0.286,-4.272,-5.729,-6.298,-6.585,-6.746,349.5
2.2949568E7,-6.328,-0.282,-4.269,-5.726,-6.295,-6.583,-6.744,349.5
2.3000544E7,-6.326,-0.281,-4.267,-5.724,-6.294,-6.581,-6.743,349.5
2.3051518E7,-6.326,-0.283,-4.269,-5.725,-6.294,-6.581,-6.742,349.5
2.3101632E7,-6.326,-0.286,-4.27,-5.726,-6.294,-6.581,-6.742,349.5
2.3152608E7,-6.326,-0.286,-4.27,-5.726,-6.294,-6.581,-6.742,349.5
2.3203584E7,-6.326,-0.289,-4.272,-5.727,-6.295,-6.582,-6.742,349.5
2.325456E7,-6.326,-0.286,-4.271,-5.726,-6.295,-6.582,-6.743,349.5
2.3304672E7,-6.326,-0.286,-4.271,-5.726,-6.295,-6.582,-6.743,349.5
2.3355648E7,-6.326,-0.288,-4.272,-5.727,-6.295,-6.581,-6.742,349.5
2.3406624E7,-6.324,-0.285,-4.269,-5.724,-6.292,-6.579,-6.74,349.5
2.3456736E7,-6.32,-0.277,-4.262,-5.718,-6.287,-6.575,-6.736,349.5
2.350771E7,-6.315,-0.266,-4.252,-5.71,-6.281,-6.569,-6.731,349.5
2.355869E7,-6.309,-0.249,-4.238,-5.698,-6.272,-6.562,-6.724,349.5
2.3609664E7,-6.302,-0.223,-4.218,-5.682,-6.26,-6.552,-6.716,349.5
2.3659776E7,-6.294,-0.194,-4.195,-5.665,-6.248,-6.542,-6.707,349.5
2.3710752E7,-6.286,-0.165,-4.172,-5.647,-6.235,-6.532,-6.698,349.5
2.3761728E7,-6.278,-0.139,-4.151,-5.63,-6.222,-6.521,-6.689,349.5
2.381184E7,-6.269,-0.118,-4.133,-5.615,-6.211,-6.511,-6.68,349.5
2.3862816E7,-6.261,-0.099,-4.117,-5.601,-6.2,-6.502,-6.671,349.5
2.3913792E7,-6.253,-0.078,-4.099,-5.587,-6.188,-6.492,-6.662,349.5
2.3964768E7,-6.245,-0.052,-4.075,-5.567,-6.175,-6.482,-6.653,349.5
2.4014882E7,-6.238,-0.024,-4.05,-5.545,-6.161,-6.472,-6.645,349.5
2.4065856E7,-6.231,0.001,-4.026,-5.525,-6.149,-6.462,-6.637,349.5
2.4116832E7,-6.224,0.025,-4.003,-5.506,-6.136,-6.453,-6.629,349.5
2.4166944E7,-6.217,0.046,-3.983,-5.489,-6.125,-6.444,-6.622,349.5
2.4217918E7,-6.211,0.061,-3.968,-5.476,-6.116,-6.437,-6.615,349.5
2.4268898E7,-6.206,0.073,-3.956,-5.465,-6.108,-6.43,-6.609,349.5
2.4319872E7,-6.201,0.083,-3.946,-5.456,-6.101,-6.425,-6.604,349.5
2.4369984E7,-6.196,0.093,-3.936,-5.446,-6.094,-6.419,-6.598,349.5
2.442096E7,-6.191,0.105,-3.924,-5.436,-6.087,-6.413,-6.594,349.5
2.4471936E7,-6.187,0.113,-3.916,-5.429,-6.082,-6.408,-6.589,349.5
2.4522048E7,-6.183,0.122,-3.907,-5.421,-6.075,-6.403,-6.584,349.5
2.4573024E7,-6.178,0.13,-3.899,-5.413,-6.069,-6.398,-6.579,349.5
2.4624E7,-6.173,0.144,-3.885,-5.401,-6.061,-6.392,-6.574,349.5
2.467411E7,-6.168,0.161,-3.869,-5.387,-6.052,-6.384,-6.568,349.5
2.472509E7,-6.162,0.183,-3.848,-5.37,-6.041,-6.376,-6.561,349.5
2.4776064E7,-6.156,0.203,-3.829,-5.354,-6.03,-6.368,-6.554,349.5
2.482704E7,-6.149,0.226,-3.808,-5.336,-6.019,-6.36,-6.547,349.5
2.4877152E7,-6.142,0.248,-3.787,-5.318,-6.007,-6.351,-6.54,349.5
2.4928128E7,-6.135,0.271,-3.765,-5.299,-5.995,-6.342,-6.532,349.5
2.4979102E7,-6.129,0.291,-3.745,-5.283,-5.984,-6.333,-6.524,349.5
2.5029216E7,-6.122,0.307,-3.73,-5.269,-5.974,-6.325,-6.517,349.5
2.5080192E7,-6.115,0.323,-3.714,-5.255,-5.964,-6.317,-6.509,349.5
2.5131168E7,-6.109,0.338,-3.699,-5.242,-5.955,-6.309,-6.503,349.5
2.5182144E7,-6.103,0.347,-3.688,-5.23,-5.947,-6.303,-6.497,349.5
2.5232256E7,-6.098,0.358,-3.674,-5.217,-5.939,-6.297,-6.491,349.5
2.5283232E7,-6.093,0.369,-3.661,-5.204,-5.931,-6.29,-6.486,349.5
2.5334208E7,-6.089,0.382,-3.645,-5.189,-5.922,-6.284,-6.481,349.5
2.5384318E7,-6.085,0.392,-3.633,-5.177,-5.915,-6.279,-6.476,349.5
2.5435298E7,-6.081,0.405,-3.618,-5.163,-5.907,-6.274,-6.472,349.5
2.5486272E7,-6.078,0.412,-3.609,-5.154,-5.901,-6.27,-6.469,349.5
2.5537248E7,-6.074,0.418,-3.601,-5.146,-5.897,-6.266,-6.465,349.5
2.558736E7,-6.072,0.426,-3.592,-5.138,-5.892,-6.263,-6.463,349.5
2.5638336E7,-6.07,0.429,-3.589,-5.134,-5.889,-6.26,-6.46,349.5
2.568931E7,-6.068,0.432,-3.585,-5.13,-5.886,-6.258,-6.458,349.5
2.5739424E7,-6.066,0.437,-3.579,-5.124,-5.883,-6.256,-6.457,349.5
2.57904E7,-6.065,0.44,-3.575,-5.121,-5.881,-6.254,-6.455,349.5
2.5841376E7,-6.063,0.441,-3.574,-5.119,-5.88,-6.253,-6.454,349.5
2.5892352E7,-6.062,0.444,-3.571,-5.116,-5.877,-6.251,-6.452,349.5
2.5942464E7,-6.06,0.449,-3.564,-5.11,-5.874,-6.248,-6.45,349.5
2.599344E7,-6.058,0.452,-3.56,-5.106,-5.871,-6.246,-6.448,349.5
2.6044416E7,-6.056,0.458,-3.554,-5.099,-5.867,-6.243,-6.445,349.5
2.6094528E7,-6.053,0.465,-3.545,-5.09,-5.862,-6.239,-6.442,349.5
2.6145502E7,-6.05,0.471,-3.537,-5.083,-5.857,-6.236,-6.439,349.5
2.6196482E7,-6.047,0.479,-3.528,-5.074,-5.852,-6.232,-6.436,349.5
2.6247456E7,-6.043,0.485,-3.521,-5.067,-5.847,-6.228,-6.432,349.5
2.6297568E7,-6.04,0.491,-3.513,-5.059,-5.842,-6.224,-6.429,349.5
2.6348544E7,-6.037,0.499,-3.504,-5.05,-5.836,-6.22,-6.425,349.5
2.6399518E7,-6.034,0.505,-3.497,-5.043,-5.832,-6.216,-6.422,349.5
2.6449632E7,-6.031,0.511,-3.49,-5.036,-5.827,-6.213,-6.419,349.5
2.6500608E7,-6.029,0.516,-3.483,-5.03,-5.824,-6.21,-6.417,349.5
2.6551584E7,-6.027,0.519,-3.48,-5.026,-5.821,-6.208,-6.415,349.5
2.660256E7,-6.026,0.52,-3.478,-5.025,-5.82,-6.207,-6.413,349.5
2.6652672E7,-6.025,0.518,-3.48,-5.026,-5.82,-6.206,-6.413,349.5
2.6703648E7,-6.024,0.519,-3.48,-5.026,-5.819,-6.206,-6.412,349.5
2.6754624E7,-6.024,0.517,-3.482,-5.028,-5.82,-6.206,-6.412,349.5
2.6804736E7,-6.025,0.515,-3.484,-5.03,-5.821,-6.207,-6.413,349.5
2.685571E7,-6.025,0.511,-3.489,-5.035,-5.823,-6.208,-6.413,349.5
2.690669E7,-6.026,0.506,-3.495,-5.04,-5.826,-6.209,-6.414,349.5
2.6957664E7,-6.027,0.5,-3.502,-5.047,-5.829,-6.211,-6.415,349.5
2.7007776E7,-6.028,0.495,-3.508,-5.052,-5.831,-6.212,-6.416,349.5
2.7058752E7,-6.029,0.489,-3.515,-5.059,-5.835,-6.214,-6.418,349.5
2.7109728E7,-6.03,0.482,-3.523,-5.067,-5.839,-6.216,-6.419,349.5
2.715984E7,-6.031,0.477,-3.529,-5.072,-5.841,-6.218,-6.421,349.5
2.7210816E7,-6.033,0.473,-3.535,-5.077,-5.844,-6.22,-6.422,349.5
2.7261792E7,-6.034,0.468,-3.54,-5.083,-5.847,-6.222,-6.423,349.5
2.7312768E7,-6.035,0.468,-3.541,-5.083,-5.847,-6.222,-6.424,349.5
2.7362882E7,-6.035,0.467,-3.541,-5.084,-5.848,-6.223,-6.425,349.5
2.7413856E7,-6.035,0.467,-3.541,-5.084,-5.848,-6.223,-6.425,349.5
2.7464832E7,-6.035,0.467,-3.541,-5.084,-5.848,-6.223,-6.425,349.5
2.7514944E7,-6.035,0.468,-3.541,-5.084,-5.848,-6.223,-6.424,349.5
2.7565918E7,-6.034,0.468,-3.54,-5.083,-5.847,-6.222,-6.424,349.5
2.7616898E7,-6.034,0.47,-3.538,-5.08,-5.846,-6.221,-6.423,349.5
2.7667872E7,-6.033,0.471,-3.537,-5.079,-5.845,-6.22,-6.422,349.5
2.7717984E7,-6.031,0.47,-3.538,-5.08,-5.844,-6.219,-6.421,349.5
2.776896E7,-6.031,0.468,-3.54,-5.082,-5.845,-6.219,-6.42,349.5
2.7819936E7,-6.03,0.465,-3.544,-5.085,-5.846,-6.219,-6.42,349.5
2.7870048E7,-6.03,0.463,-3.546,-5.087,-5.846,-6.219,-6.42,349.5
2.7921024E7,-6.03,0.459,-3.551,-5.091,-5.848,-6.219,-6.42,349.5
2.7972E7,-6.03,0.455,-3.556,-5.096,-5.85,-6.22,-6.421,349.5
2.8022976E7,-6.031,0.448,-3.563,-5.103,-5.853,-6.222,-6.421,349.5
2.807309E7,-6.032,0.442,-3.571,-5.11,-5.856,-6.224,-6.422,349.5
2.8124064E7,-6.033,0.436,-3.579,-5.117,-5.86,-6.226,-6.424,349.5
2.817504E7,-6.035,0.429,-3.587,-5.125,-5.864,-6.228,-6.426,349.5
2.8225152E7,-6.037,0.418,-3.6,-5.138,-5.87,-6.232,-6.428,349.5
2.8276128E7,-6.039,0.408,-3.611,-5.148,-5.875,-6.235,-6.431,349.5
2.8327102E7,-6.042,0.399,-3.622,-5.159,-5.881,-6.239,-6.434,349.5
2.8378082E7,-6.044,0.391,-3.632,-5.168,-5.886,-6.242,-6.437,349.5
2.8428192E7,-6.047,0.387,-3.636,-5.172,-5.889,-6.245,-6.44,349.5
2.8479168E7,-6.05,0.382,-3.643,-5.179,-5.894,-6.249,-6.442,349.5
2.8530144E7,-6.053,0.376,-3.65,-5.186,-5.898,-6.252,-6.445,349.5
2.8580256E7,-6.055,0.37,-3.656,-5.192,-5.902,-6.255,-6.448,349.5
2.8631232E7,-6.057,0.364,-3.662,-5.197,-5.905,-6.258,-6.45,349.5
2.8682208E7,-6.059,0.356,-3.669,-5.203,-5.909,-6.26,-6.452,349.5
2.8733184E7,-6.06,0.349,-3.676,-5.208,-5.912,-6.262,-6.454,349.5
2.8783298E7,-6.062,0.341,-3.683,-5.214,-5.915,-6.265,-6.456,349.5
2.8834272E7,-6.063,0.331,-3.692,-5.221,-5.919,-6.266,-6.457,349.5
2.8885248E7,-6.063,0.324,-3.699,-5.226,-5.921,-6.268,-6.458,349.5
2.893536E7,-6.064,0.316,-3.705,-5.231,-5.924,-6.27,-6.459,349.5
2.8986336E7,-6.065,0.309,-3.712,-5.236,-5.927,-6.271,-6.46,349.5
2.903731E7,-6.066,0.304,-3.716,-5.24,-5.929,-6.272,-6.461,349.5
2.9087424E7,-6.067,0.294,-3.725,-5.247,-5.932,-6.275,-6.463,349.5
2.91384E7,-6.068,0.286,-3.732,-5.252,-5.936,-6.277,-6.464,349.5
2.9189376E7,-6.07,0.278,-3.739,-5.259,-5.94,-6.28,-6.467,349.5
2.9240352E7,-6.072,0.268,-3.749,-5.267,-5.944,-6.283,-6.469,349.5
2.9290464E7,-6.075,0.259,-3.757,-5.274,-5.949,-6.286,-6.472,349.5
2.934144E7,-6.078,0.253,-3.764,-5.279,-5.953,-6.29,-6.475,349.5
2.9392416E7,-6.081,0.241,-3.774,-5.288,-5.959,-6.294,-6.479,349.5
2.9442528E7,-6.085,0.232,-3.783,-5.296,-5.964,-6.299,-6.483,349.5
2.9493502E7,-6.089,0.22,-3.794,-5.306,-5.971,-6.304,-6.488,349.5
2.9544482E7,-6.094,0.208,-3.807,-5.317,-5.979,-6.31,-6.493,349.5
2.9595456E7,-6.1,0.193,-3.821,-5.329,-5.987,-6.317,-6.499,349.5
2.9645568E7,-6.106,0.178,-3.836,-5.342,-5.996,-6.324,-6.505,349.5
2.9696544E7,-6.113,0.159,-3.853,-5.358,-6.007,-6.333,-6.513,349.5
2.9747518E7,-6.121,0.136,-3.876,-5.377,-6.02,-6.343,-6.522,349.5
2.9797632E7,-6.129,0.11,-3.9,-5.398,-6.034,-6.354,-6.531,349.5
2.9848608E7,-6.139,0.076,-3.932,-5.425,-6.051,-6.367,-6.542,349.5
2.9899584E7,-6.149,0.037,-3.968,-5.455,-6.071,-6.381,-6.554,349.5
2.995056E7,-6.16,0.001,-4.002,-5.485,-6.09,-6.395,-6.566,349.5
3.0000672E7,-6.172,-0.031,-4.031,-5.509,-6.107,-6.41,-6.579,349.5
3.0051648E7,-6.184,-0.06,-4.056,-5.53,-6.124,-6.424,-6.593,349.5
3.0102624E7,-6.196,-0.097,-4.086,-5.555,-6.142,-6.44,-6.607,349.5
3.0152736E7,-6.21,-0.151,-4.127,-5.586,-6.165,-6.458,-6.622,349.5
3.020371E7,-6.223,-0.202,-4.167,-5.617,-6.187,-6.476,-6.637,349.5
3.025469E7,-6.231,-0.231,-4.189,-5.635,-6.2,-6.486,-6.646,349.5
3.0305664E7,-6.249,-0.273,-4.225,-5.665,-6.224,-6.506,-6.665,349.5
3.0355776E7,-6.259,-0.301,-4.248,-5.684,-6.238,-6.519,-6.676,349.5
3.0406752E7,-6.277,-0.376,-4.306,-5.728,-6.269,-6.543,-6.697,349.5
3.0457728E7,-6.291,-0.415,-4.337,-5.754,-6.289,-6.56,-6.712,349.5
3.050784E7,-6.314,-0.485,-4.394,-5.799,-6.324,-6.589,-6.738,349.5
3.0558816E7,-6.331,-0.544,-4.435,-5.831,-6.348,-6.61,-6.757,349.5
3.0609792E7,-6.358,-0.64,-4.501,-5.882,-6.388,-6.644,-6.788,349.5
3.0660768E7,-6.379,-0.693,-4.541,-5.915,-6.416,-6.669,-6.811,349.5
3.0710882E7,-6.416,-0.816,-4.627,-5.981,-6.468,-6.714,-6.851,349.5
3.0761856E7,-6.438,-0.861,-4.663,-6.013,-6.496,-6.739,-6.875,349.5
3.0812832E7,-6.479,-0.98,-4.75,-6.081,-6.551,-6.788,-6.92,349.5
3.0862944E7,-6.518,-1.109,-4.834,-6.146,-6.604,-6.835,-6.962,349.5
3.0913918E7,-6.551,-1.207,-4.898,-6.196,-6.646,-6.872,-6.997,349.5
3.0964898E7,-6.594,-1.396,-5.008,-6.275,-6.709,-6.924,-7.044,349.5
3.1015872E7,-6.648,-1.662,-5.158,-6.379,-6.79,-6.992,-7.105,349.5
3.1065984E7,-6.703,-1.95,-5.308,-6.48,-6.87,-7.058,-7.164,349.5
3.111696E7,-6.764,-2.227,-5.458,-6.584,-6.954,-7.129,-7.229,349.5
3.1167936E7,-6.843,-2.541,-5.628,-6.704,-7.056,-7.217,-7.311,349.5
3.1218048E7,-6.905,-2.809,-5.769,-6.801,-7.136,-7.286,-7.374,349.5
3.1269024E7,-6.975,-3.122,-5.931,-6.907,-7.224,-7.36,-7.444,349.5
3.132E7,-7.04,-3.327,-6.048,-6.993,-7.299,-7.427,-7.509,349.5
3.1370976E7,-7.09,-3.445,-6.124,-7.052,-7.354,-7.477,-7.558,349.5
3.142109E7,-7.123,-3.51,-6.169,-7.09,-7.389,-7.511,-7.591,349.5
3.1472064E7,-7.139,-3.558,-6.197,-7.109,-7.406,-7.526,-7.606,349.5
3.152304E7,-7.139,-3.574,-6.203,-7.111,-7.407,-7.526,-7.605,349.5
3.1573152E7,-7.133,-3.501,-6.172,-7.097,-7.397,-7.52,-7.601,349.5
3.1624128E7,-7.122,-3.434,-6.14,-7.079,-7.384,-7.509,-7.591,349.5
3.1675102E7,-7.104,-3.342,-6.094,-7.05,-7.36,-7.491,-7.573,349.5
3.1726082E7,-7.09,-3.26,-6.055,-7.027,-7.342,-7.476,-7.56,349.5
3.1776192E7,-7.069,-3.145,-5.999,-6.992,-7.314,-7.453,-7.538,349.5
3.1827168E7,-7.048,-3.041,-5.948,-6.96,-7.288,-7.432,-7.518,349.5
3.1878144E7,-7.031,-2.942,-5.901,-6.931,-7.265,-7.414,-7.502,349.5
3.1928256E7,-7.007,-2.806,-5.834,-6.889,-7.232,-7.386,-7.477,349.5
3.1979232E7,-6.99,-2.713,-5.788,-6.859,-7.208,-7.367,-7.459,349.5
3.2030208E7,-6.968,-2.572,-5.721,-6.817,-7.175,-7.341,-7.436,349.5
3.2081184E7,-6.949,-2.466,-5.669,-6.784,-7.149,-7.319,-7.417,349.5
3.2131298E7,-6.931,-2.36,-5.617,-6.751,-7.122,-7.298,-7.398,349.5
3.2182272E7,-6.911,-2.234,-5.555,-6.711,-7.092,-7.274,-7.376,349.5
3.2233248E7,-6.895,-2.144,-5.51,-6.681,-7.069,-7.254,-7.359,349.5
3.228336E7,-6.878,-2.034,-5.455,-6.646,-7.042,-7.233,-7.341,349.5
3.2334336E7,-6.862,-1.932,-5.405,-6.614,-7.018,-7.214,-7.324,349.5
3.238531E7,-6.846,-1.838,-5.357,-6.583,-6.993,-7.194,-7.306,349.5
3.243629E7,-6.83,-1.736,-5.307,-6.551,-6.969,-7.175,-7.289,349.5
3.24864E7,-6.814,-1.632,-5.251,-6.514,-6.942,-7.153,-7.27,349.5
3.2537376E7,-6.798,-1.551,-5.205,-6.483,-6.918,-7.133,-7.253,349.5
3.2588352E7,-6.784,-1.456,-5.155,-6.449,-6.893,-7.114,-7.237,349.5
3.2638464E7,-6.771,-1.368,-5.107,-6.418,-6.87,-7.096,-7.221,349.5
3.268944E7,-6.757,-1.29,-5.065,-6.389,-6.848,-7.078,-7.205,349.5
3.2740416E7,-6.745,-1.207,-5.02,-6.36,-6.827,-7.061,-7.191,349.5
3.2791392E7,-6.733,-1.134,-4.978,-6.331,-6.807,-7.045,-7.178,349.5
3.2841502E7,-6.723,-1.072,-4.939,-6.304,-6.787,-7.03,-7.165,349.5
3.2892482E7,-6.712,-1.007,-4.899,-6.276,-6.768,-7.015,-7.152,349.5
3.2943456E7,-6.702,-0.945,-4.861,-6.249,-6.749,-7.0,-7.14,349.5
3.2993568E7,-6.693,-0.891,-4.827,-6.225,-6.732,-6.987,-7.129,349.5
3.3044544E7,-6.685,-0.842,-4.797,-6.204,-6.717,-6.975,-7.119,349.5
3.3095518E7,-6.677,-0.785,-4.762,-6.181,-6.701,-6.963,-7.11,349.5
3.3145632E7,-6.67,-0.744,-4.736,-6.162,-6.688,-6.953,-7.101,349.5
3.3196608E7,-6.663,-0.694,-4.705,-6.142,-6.674,-6.942,-7.092,349.5
3.3247584E7,-6.656,-0.658,-4.677,-6.121,-6.661,-6.933,-7.084,349.5
3.329856E7,-6.65,-0.614,-4.645,-6.098,-6.646,-6.922,-7.077,349.5
3.3348672E7,-6.644,-0.579,-4.617,-6.078,-6.634,-6.913,-7.069,349.5
3.3399648E7,-6.638,-0.543,-4.59,-6.059,-6.621,-6.904,-7.062,349.5
3.3450624E7,-6.632,-0.505,-4.561,-6.038,-6.609,-6.895,-7.055,349.5
3.3500736E7,-6.627,-0.473,-4.537,-6.021,-6.597,-6.887,-7.049,349.5
3.355171E7,-6.622,-0.441,-4.512,-6.003,-6.586,-6.879,-7.042,349.5
3.3602688E7,-6.617,-0.406,-4.485,-5.984,-6.574,-6.871,-7.036,349.5
3.3653664E7,-6.612,-0.373,-4.46,-5.966,-6.563,-6.863,-7.03,349.5
3.3703776E7,-6.607,-0.336,-4.432,-5.947,-6.551,-6.855,-7.024,349.5
3.3754752E7,-6.605,-0.314,-4.415,-5.935,-6.545,-6.85,-7.021,349.5
3.3805728E7,-6.598,-0.281,-4.389,-5.916,-6.532,-6.841,-7.013,349.5
3.385584E7,-6.596,-0.253,-4.363,-5.896,-6.522,-6.836,-7.01,349.5
3.3906816E7,-6.591,-0.232,-4.342,-5.879,-6.512,-6.828,-7.004,349.5
3.3957792E7,-6.589,-0.205,-4.317,-5.859,-6.502,-6.824,-7.001,349.5
3.4008768E7,-6.582,-0.183,-4.295,-5.841,-6.491,-6.815,-6.994,349.5
3.405888E7,-6.584,-0.168,-4.282,-5.832,-6.488,-6.815,-6.995,349.5
3.4109856E7,-6.574,-0.129,-4.244,-5.801,-6.469,-6.801,-6.984,349.5
3.4160832E7,-6.575,-0.126,-4.24,-5.799,-6.469,-6.802,-6.985,349.5
3.4210944E7,-6.574,-0.094,-4.211,-5.777,-6.459,-6.797,-6.982,349.5
3.426192E7,-6.566,-0.069,-4.186,-5.755,-6.444,-6.786,-6.973,349.5
3.4312896E7,-6.569,-0.067,-4.184,-5.755,-6.446,-6.789,-6.976,349.5
3.4363872E7,-6.569,-0.04,-4.16,-5.737,-6.439,-6.785,-6.975,349.5
3.4413984E7,-6.558,-0.007,-4.126,-5.709,-6.42,-6.772,-6.963,349.5
3.446496E7,-6.56,-0.002,-4.121,-5.706,-6.42,-6.772,-6.964,349.5
3.4515936E7,-6.564,0.002,-4.119,-5.706,-6.422,-6.776,-6.968,349.5
3.4566048E7,-6.555,0.051,-4.07,-5.667,-6.4,-6.761,-6.957,349.5
3.4617024E7,-6.549,0.064,-4.053,-5.65,-6.39,-6.754,-6.95,349.5
3.4668E7,-6.551,0.066,-4.051,-5.648,-6.391,-6.755,-6.953,349.5
3.4718976E7,-6.555,0.069,-4.047,-5.646,-6.392,-6.759,-6.957,349.5
3.4769088E7,-6.548,0.107,-4.0,-5.601,-6.371,-6.747,-6.948,349.5
3.4820064E7,-6.537,0.13,-3.97,-5.572,-6.353,-6.733,-6.936,349.5
3.487104E7,-6.539,0.133,-3.967,-5.57,-6.353,-6.734,-6.938,349.5
3.4921152E7,-6.543,0.13,-3.971,-5.574,-6.358,-6.739,-6.942,349.5
3.4972128E7,-6.546,0.137,-3.962,-5.566,-6.357,-6.741,-6.945,349.5
3.5023104E7,-6.534,0.187,-3.899,-5.506,-6.326,-6.722,-6.931,349.5
3.507408E7,-6.526,0.201,-3.88,-5.488,-6.314,-6.712,-6.922,349.5
3.5124192E7,-6.527,0.206,-3.875,-5.483,-6.313,-6.712,-6.923,349.5
3.5175168E7,-6.531,0.205,-3.875,-5.485,-6.316,-6.716,-6.927,349.5
3.5226144E7,-6.536,0.2,-3.882,-5.491,-6.322,-6.721,-6.932,349.5
3.5276256E7,-6.531,0.238,-3.834,-5.447,-6.302,-6.711,-6.925,349.5
3.5327232E7,-6.514,0.276,-3.785,-5.4,-6.273,-6.69,-6.907,349.5
3.5378208E7,-6.512,0.284,-3.774,-5.389,-6.268,-6.686,-6.905,349.5
3.5429184E7,-6.514,0.287,-3.771,-5.387,-6.268,-6.688,-6.906,349.5
3.5479296E7,-6.517,0.283,-3.777,-5.392,-6.272,-6.691,-6.91,349.5
3.5530272E7,-6.523,0.275,-3.786,-5.402,-6.28,-6.698,-6.916,349.5
3.5581248E7,-6.521,0.306,-3.747,-5.366,-6.265,-6.691,-6.912,349.5
3.563136E7,-6.504,0.353,-3.679,-5.295,-6.229,-6.667,-6.894,349.5
3.5682336E7,-6.494,0.366,-3.659,-5.273,-6.215,-6.656,-6.884,349.5
3.5733312E7,-6.495,0.372,-3.648,-5.261,-6.212,-6.656,-6.885,349.5
3.5784288E7,-6.497,0.374,-3.644,-5.257,-6.211,-6.657,-6.886,349.5
3.58344E7,-6.502,0.368,-3.653,-5.267,-6.218,-6.662,-6.891,349.5
3.5885376E7,-6.506,0.361,-3.663,-5.278,-6.224,-6.667,-6.896,349.5
3.5936352E7,-6.506,0.381,-3.627,-5.239,-6.211,-6.662,-6.894,349.5
3.5986464E7,-6.49,0.433,-3.54,-5.143,-6.168,-6.637,-6.876,349.5
3.603744E7,-6.477,0.452,-3.512,-5.111,-6.148,-6.622,-6.863,349.5
3.6088416E7,-6.475,0.463,-3.492,-5.09,-6.14,-6.617,-6.86,349.5
3.6139392E7,-6.476,0.467,-3.484,-5.081,-6.138,-6.617,-6.861,349.5
3.6189504E7,-6.479,0.462,-3.493,-5.09,-6.142,-6.621,-6.864,349.5
3.624048E7,-6.483,0.454,-3.505,-5.104,-6.15,-6.626,-6.868,349.5
3.6291456E7,-6.487,0.45,-3.511,-5.111,-6.155,-6.631,-6.872,349.5
3.6341568E7,-6.487,0.466,-3.482,-5.079,-6.144,-6.627,-6.872,349.5
3.6392544E7,-6.475,0.517,-3.395,-4.984,-6.104,-6.605,-6.858,349.5
3.644352E7,-6.457,0.546,-3.351,-4.934,-6.075,-6.583,-6.839,349.5
3.6494496E7,-6.451,0.559,-3.329,-4.91,-6.063,-6.576,-6.833,349.5
3.6544608E7,-6.451,0.566,-3.317,-4.897,-6.059,-6.574,-6.832,349.5
3.6595584E7,-6.452,0.568,-3.312,-4.891,-6.058,-6.574,-6.833,349.5
3.664656E7,-6.455,0.568,-3.311,-4.891,-6.06,-6.577,-6.836,349.5
3.6696672E7,-6.459,0.562,-3.32,-4.901,-6.065,-6.581,-6.84,349.5
3.6747648E7,-6.462,0.556,-3.329,-4.91,-6.071,-6.585,-6.843,349.5
3.6798624E7,-6.463,0.563,-3.317,-4.898,-6.067,-6.584,-6.844,349.5
3.68496E7,-6.453,0.61,-3.23,-4.8,-6.027,-6.563,-6.831,349.5
3.6899712E7,-6.434,0.656,-3.137,-4.693,-5.977,-6.531,-6.809,349.5
3.6950688E7,-6.424,0.674,-3.102,-4.652,-5.956,-6.517,-6.798,349.5
3.7001664E7,-6.422,0.68,-3.088,-4.637,-5.95,-6.513,-6.796,349.5
3.7051776E7,-6.423,0.68,-3.089,-4.637,-5.95,-6.513,-6.796,349.5
3.7102752E7,-6.424,0.675,-3.098,-4.648,-5.955,-6.516,-6.798,349.5
3.7153728E7,-6.426,0.671,-3.107,-4.659,-5.96,-6.52,-6.801,349.5
3.720384E7,-6.429,0.67,-3.106,-4.657,-5.962,-6.522,-6.804,349.5
3.7254816E7,-6.431,0.674,-3.096,-4.645,-5.959,-6.522,-6.805,349.5
3.7305792E7,-6.431,0.683,-3.073,-4.618,-5.95,-6.518,-6.804,349.5
3.7356768E7,-6.424,0.724,-2.981,-4.513,-5.908,-6.496,-6.794,349.5
3.740688E7,-6.406,0.773,-2.881,-4.397,-5.855,-6.464,-6.772,349.5
3.7457856E7,-6.391,0.796,-2.838,-4.347,-5.828,-6.444,-6.756,349.5
3.7508832E7,-6.386,0.804,-2.822,-4.329,-5.819,-6.437,-6.75,349.5
3.7558944E7,-6.385,0.806,-2.817,-4.323,-5.816,-6.435,-6.749,349.5
3.760992E7,-6.385,0.808,-2.814,-4.319,-5.815,-6.434,-6.749,349.5
3.7660896E7,-6.386,0.807,-2.814,-4.32,-5.816,-6.435,-6.75,349.5
3.7711872E7,-6.387,0.808,-2.811,-4.316,-5.815,-6.435,-6.751,349.5
3.7761984E7,-6.388,0.814,-2.797,-4.299,-5.81,-6.434,-6.752,349.5
3.781296E7,-6.389,0.816,-2.79,-4.291,-5.808,-6.434,-6.752,349.5
3.7863936E7,-6.39,0.819,-2.782,-4.282,-5.805,-6.433,-6.753,349.5
3.7914048E7,-6.385,0.848,-2.716,-4.206,-5.776,-6.418,-6.746,349.5
3.7965024E7,-6.373,0.891,-2.619,-4.094,-5.728,-6.389,-6.729,349.5
3.8016E7,-6.356,0.929,-2.519,-3.982,-5.673,-6.351,-6.707,349.5
3.8066976E7,-6.343,0.952,-2.463,-3.918,-5.641,-6.327,-6.69,349.5
3.8117088E7,-6.336,0.963,-2.437,-3.889,-5.625,-6.315,-6.682,349.5
3.8168064E7,-6.335,0.968,-2.426,-3.876,-5.619,-6.311,-6.68,349.5
3.821904E7,-6.334,0.971,-2.415,-3.865,-5.614,-6.308,-6.679,349.5
3.8269152E7,-6.333,0.973,-2.409,-3.858,-5.611,-6.306,-6.677,349.5
3.8320128E7,-6.332,0.976,-2.403,-3.851,-5.607,-6.304,-6.676,349.5
3.8371104E7,-6.331,0.983,-2.382,-3.827,-5.598,-6.298,-6.673,349.5
3.842208E7,-6.33,0.99,-2.361,-3.803,-5.588,-6.292,-6.671,349.5
3.8472192E7,-6.329,0.997,-2.34,-3.779,-5.578,-6.286,-6.669,349.5
3.8523168E7,-6.327,1.003,-2.323,-3.761,-5.57,-6.281,-6.666,349.5
3.8574144E7,-6.323,1.021,-2.269,-3.7,-5.543,-6.264,-6.659,349.5
3.8624256E7,-6.316,1.049,-2.188,-3.608,-5.503,-6.239,-6.647,349.5
3.8675232E7,-6.303,1.091,-2.071,-3.475,-5.444,-6.2,-6.627,349.5
3.8726208E7,-6.286,1.128,-1.976,-3.368,-5.392,-6.164,-6.605,349.5
3.8777184E7,-6.275,1.148,-1.927,-3.313,-5.364,-6.143,-6.591,349.5
3.8827296E7,-6.266,1.164,-1.889,-3.271,-5.342,-6.126,-6.58,349.5
3.8878272E7,-6.263,1.176,-1.856,-3.233,-5.325,-6.116,-6.575,349.5
3.8929248E7,-6.26,1.185,-1.827,-3.202,-5.31,-6.106,-6.57,349.5
3.897936E7,-6.257,1.194,-1.797,-3.169,-5.294,-6.094,-6.563,349.5
3.9030336E7,-6.253,1.203,-1.767,-3.137,-5.278,-6.082,-6.557,349.5
3.9081312E7,-6.25,1.21,-1.742,-3.11,-5.265,-6.072,-6.552,349.5
3.9132288E7,-6.247,1.22,-1.712,-3.078,-5.248,-6.06,-6.546,349.5
3.91824E7,-6.243,1.227,-1.687,-3.051,-5.235,-6.05,-6.54,349.5
3.9233376E7,-6.241,1.234,-1.663,-3.025,-5.222,-6.04,-6.535,349.5
3.9284352E7,-6.238,1.24,-1.645,-3.005,-5.212,-6.033,-6.531,349.5
3.9334464E7,-6.235,1.249,-1.615,-2.973,-5.196,-6.021,-6.525,349.5
3.938544E7,-6.231,1.258,-1.584,-2.941,-5.18,-6.009,-6.519,349.5
3.9436416E7,-6.227,1.274,-1.531,-2.883,-5.152,-5.989,-6.509,349.5
3.9487392E7,-6.219,1.299,-1.442,-2.787,-5.106,-5.955,-6.493,349.5
3.9537504E7,-6.206,1.335,-1.321,-2.658,-5.041,-5.908,-6.469,349.5
3.958848E7,-6.19,1.371,-1.205,-2.532,-4.978,-5.861,-6.443,349.5
3.9639456E7,-6.174,1.398,-1.127,-2.448,-4.932,-5.825,-6.42,349.5
3.9689568E7,-6.164,1.417,-1.069,-2.386,-4.898,-5.799,-6.405,349.5
3.9740544E7,-6.156,1.432,-1.024,-2.338,-4.873,-5.779,-6.393,349.5
3.979152E7,-6.149,1.444,-0.986,-2.297,-4.851,-5.763,-6.383,349.5
3.9842496E7,-6.144,1.454,-0.953,-2.265,-4.832,-5.747,-6.374,349.5
3.9892608E7,-6.14,1.464,-0.924,-2.237,-4.814,-5.733,-6.366,349.5
3.9943584E7,-6.135,1.472,-0.899,-2.213,-4.799,-5.721,-6.358,349.5
3.999456E7,-6.13,1.479,-0.878,-2.193,-4.785,-5.709,-6.351,349.5
4.0044672E7,-6.125,1.488,-0.849,-2.165,-4.768,-5.696,-6.343,349.5
4.0095648E7,-6.121,1.497,-0.82,-2.137,-4.751,-5.682,-6.335,349.5
4.0146624E7,-6.117,1.505,-0.795,-2.114,-4.736,-5.67,-6.328,349.5
4.01976E7,-6.111,1.517,-0.757,-2.077,-4.713,-5.652,-6.317,349.5
4.0247712E7,-6.105,1.528,-0.723,-2.044,-4.692,-5.635,-6.308,349.5
4.0298688E7,-6.099,1.539,-0.688,-2.011,-4.671,-5.619,-6.297,349.5
4.0349664E7,-6.092,1.553,-0.644,-1.969,-4.645,-5.598,-6.285,349.5
4.0399776E7,-6.085,1.567,-0.6,-1.926,-4.619,-5.577,-6.273,349.5
4.0450752E7,-6.078,1.581,-0.556,-1.884,-4.592,-5.555,-6.26,349.5
4.0501728E7,-6.071,1.595,-0.512,-1.842,-4.566,-5.534,-6.247,349.5
4.0552704E7,-6.063,1.609,-0.468,-1.8,-4.539,-5.513,-6.235,349.5
4.0602816E7,-6.055,1.624,-0.424,-1.757,-4.512,-5.491,-6.221,349.5
4.0653792E7,-6.047,1.639,-0.375,-1.71,-4.483,-5.467,-6.207,349.5
4.0704768E7,-6.038,1.657,-0.321,-1.659,-4.45,-5.442,-6.192,349.5
4.075488E7,-6.029,1.673,-0.273,-1.614,-4.419,-5.417,-6.177,349.5
4.0805856E7,-6.02,1.688,-0.232,-1.577,-4.391,-5.394,-6.161,349.5
4.0856832E7,-6.01,1.703,-0.195,-1.543,-4.365,-5.372,-6.146,349.5
4.0907808E7,-6.001,1.715,-0.164,-1.515,-4.343,-5.354,-6.134,349.5
4.095792E7,-5.993,1.726,-0.137,-1.491,-4.323,-5.338,-6.122,349.5
4.1008896E7,-5.987,1.734,-0.117,-1.472,-4.309,-5.326,-6.113,349.5
4.1059872E7,-5.982,1.741,-0.099,-1.456,-4.296,-5.315,-6.106,349.5
4.1109984E7,-5.978,1.747,-0.083,-1.442,-4.285,-5.306,-6.1,349.5
4.116096E7,-5.974,1.752,-0.072,-1.431,-4.276,-5.299,-6.094,349.5
4.1211936E7,-5.97,1.757,-0.057,-1.417,-4.266,-5.29,-6.089,349.5
4.1262048E7,-5.967,1.762,-0.045,-1.407,-4.258,-5.283,-6.084,349.5
4.1313024E7,-5.963,1.766,-0.037,-1.399,-4.251,-5.278,-6.079,349.5
4.1364E7,-5.96,1.77,-0.025,-1.388,-4.243,-5.271,-6.075,349.5
4.1414976E7,-5.957,1.774,-0.017,-1.381,-4.237,-5.266,-6.071,349.5
4.1465088E7,-5.955,1.777,-0.009,-1.373,-4.231,-5.261,-6.067,349.5
4.1516064E7,-5.952,1.78,-0.001,-1.366,-4.225,-5.255,-6.063,349.5
4.156704E7,-5.949,1.784,0.007,-1.359,-4.219,-5.25,-6.059,349.5
4.1617152E7,-5.946,1.787,0.015,-1.351,-4.213,-5.245,-6.056,349.5
4.1668128E7,-5.943,1.79,0.02,-1.346,-4.209,-5.242,-6.052,349.5
4.1719104E7,-5.941,1.793,0.028,-1.339,-4.203,-5.237,-6.049,349.5
4.177008E7,-5.938,1.795,0.033,-1.335,-4.199,-5.233,-6.046,349.5
4.1820192E7,-5.936,1.797,0.037,-1.33,-4.196,-5.23,-6.043,349.5
4.1871168E7,-5.934,1.799,0.042,-1.326,-4.192,-5.227,-6.041,349.5
4.1922144E7,-5.932,1.801,0.043,-1.325,-4.19,-5.225,-6.039,349.5
4.1972256E7,-5.931,1.801,0.041,-1.326,-4.191,-5.225,-6.038,349.5
4.2023232E7,-5.93,1.801,0.038,-1.328,-4.192,-5.225,-6.038,349.5
4.2074208E7,-5.929,1.8,0.036,-1.33,-4.193,-5.226,-6.037,349.5
4.2125184E7,-5.928,1.8,0.033,-1.332,-4.194,-5.227,-6.037,349.5
4.2175296E7,-5.928,1.797,0.023,-1.341,-4.199,-5.23,-6.039,349.5
4.2226272E7,-5.928,1.796,0.017,-1.346,-4.203,-5.233,-6.04,349.5
4.2277248E7,-5.928,1.793,0.008,-1.354,-4.209,-5.237,-6.042,349.5
4.232736E7,-5.929,1.791,0.001,-1.36,-4.213,-5.24,-6.044,349.5
4.2378336E7,-5.929,1.788,-0.009,-1.368,-4.218,-5.244,-6.046,349.5
4.2429312E7,-5.93,1.785,-0.018,-1.377,-4.224,-5.248,-6.048,349.5
4.2480288E7,-5.93,1.784,-0.021,-1.379,-4.226,-5.25,-6.048,349.5
4.25304E7,-5.93,1.783,-0.028,-1.385,-4.229,-5.252,-6.049,349.5
4.2581376E7,-5.929,1.782,-0.03,-1.387,-4.231,-5.253,-6.049,349.5
4.2632352E7,-5.928,1.782,-0.033,-1.389,-4.231,-5.253,-6.049,349.5
4.2682464E7,-5.927,1.782,-0.035,-1.39,-4.232,-5.253,-6.048,349.5
4.273344E7,-5.925,1.783,-0.034,-1.389,-4.23,-5.251,-6.046,349.5
4.2784416E7,-5.922,1.786,-0.029,-1.385,-4.227,-5.248,-6.044,349.5
4.2835392E7,-5.92,1.788,-0.025,-1.38,-4.223,-5.245,-6.041,349.5
4.2885504E7,-5.917,1.79,-0.02,-1.375,-4.219,-5.241,-6.037,349.5
4.293648E7,-5.914,1.792,-0.018,-1.373,-4.216,-5.238,-6.034,349.5
4.2987456E7,-5.911,1.795,-0.013,-1.368,-4.211,-5.234,-6.031,349.5
4.3037568E7,-5.908,1.798,-0.007,-1.363,-4.207,-5.23,-6.028,349.5
4.3088544E7,-5.905,1.8,-0.002,-1.358,-4.203,-5.226,-6.024,349.5
4.313952E7,-5.903,1.801,-0.004,-1.359,-4.202,-5.225,-6.022,349.5
4.3190496E7,-5.9,1.802,-0.006,-1.36,-4.202,-5.224,-6.021,349.5
4.3240608E7,-5.898,1.802,-0.008,-1.362,-4.202,-5.224,-6.02,349.5
4.3291584E7,-5.897,1.801,-0.013,-1.366,-4.204,-5.225,-6.019,349.5
4.334256E7,-5.896,1.8,-0.019,-1.37,-4.207,-5.227,-6.019,349.5
4.3392672E7,-5.895,1.798,-0.027,-1.378,-4.212,-5.23,-6.02,349.5
4.3443648E7,-5.894,1.797,-0.033,-1.383,-4.215,-5.231,-6.021,349.5
4.3494624E7,-5.893,1.797,-0.035,-1.384,-4.215,-5.232,-6.02,349.5
4.35456E7,-5.891,1.797,-0.038,-1.386,-4.216,-5.231,-6.019,349.5
4.3595712E7,-5.89,1.798,-0.037,-1.385,-4.215,-5.23,-6.018,349.5
4.3646688E7,-5.887,1.8,-0.032,-1.38,-4.21,-5.226,-6.014,349.5
4.3697664E7,-5.884,1.805,-0.02,-1.369,-4.202,-5.219,-6.009,349.5
4.3747776E7,-5.88,1.81,-0.008,-1.358,-4.193,-5.212,-6.004,349.5
4.3798752E7,-5.874,1.817,0.008,-1.343,-4.181,-5.202,-5.996,349.5
4.3849728E7,-5.868,1.824,0.024,-1.328,-4.169,-5.191,-5.989,349.5
4.3900704E7,-5.862,1.831,0.041,-1.313,-4.157,-5.181,-5.981,349.5
4.3950816E7,-5.855,1.839,0.061,-1.295,-4.142,-5.168,-5.971,349.5
4.4001792E7,-5.848,1.848,0.081,-1.276,-4.127,-5.156,-5.962,349.5
4.4052768E7,-5.842,1.854,0.094,-1.263,-4.116,-5.146,-5.954,349.5
4.410288E7,-5.836,1.86,0.107,-1.251,-4.106,-5.137,-5.947,349.5
4.4153856E7,-5.83,1.865,0.117,-1.241,-4.097,-5.129,-5.941,349.5
4.4204832E7,-5.826,1.868,0.12,-1.238,-4.094,-5.125,-5.936,349.5
4.4255804E7,-5.821,1.871,0.123,-1.235,-4.09,-5.121,-5.932,349.5
4.430592E7,-5.818,1.873,0.125,-1.232,-4.086,-5.118,-5.928,349.5
4.4356896E7,-5.814,1.875,0.127,-1.23,-4.084,-5.115,-5.926,349.5
4.4407872E7,-5.812,1.877,0.129,-1.227,-4.081,-5.112,-5.923,349.5
4.4457984E7,-5.808,1.88,0.134,-1.222,-4.077,-5.108,-5.919,349.5
4.4508964E7,-5.804,1.884,0.143,-1.214,-4.07,-5.102,-5.914,349.5
4.4559936E7,-5.8,1.888,0.152,-1.206,-4.063,-5.096,-5.909,349.5
4.4610912E7,-5.794,1.895,0.171,-1.188,-4.049,-5.084,-5.901,349.5
4.466102E7,-5.788,1.904,0.194,-1.167,-4.033,-5.071,-5.892,349.5
4.4712E7,-5.78,1.914,0.218,-1.145,-4.015,-5.056,-5.881,349.5
4.476298E7,-5.772,1.925,0.245,-1.12,-3.996,-5.04,-5.869,349.5
4.4813088E7,-5.763,1.936,0.272,-1.095,-3.976,-5.023,-5.857,349.5
4.4864064E7,-5.753,1.948,0.3,-1.069,-3.955,-5.006,-5.844,349.5
4.4915036E7,-5.744,1.959,0.327,-1.044,-3.936,-4.989,-5.832,349.5
4.4966016E7,-5.735,1.968,0.348,-1.022,-3.919,-4.975,-5.821,349.5
4.5016128E7,-5.727,1.976,0.365,-1.004,-3.904,-4.963,-5.811,349.5
4.5067104E7,-5.72,1.983,0.38,-0.988,-3.892,-4.952,-5.802,349.5
4.511808E7,-5.714,1.989,0.392,-0.976,-3.882,-4.943,-5.795,349.5
4.5168196E7,-5.708,1.994,0.401,-0.967,-3.874,-4.936,-5.788,349.5
4.5219168E7,-5.703,1.999,0.409,-0.958,-3.866,-4.929,-5.782,349.5
4.5270144E7,-5.697,2.004,0.42,-0.946,-3.857,-4.921,-5.776,349.5
4.5320256E7,-5.691,2.01,0.434,-0.932,-3.846,-4.912,-5.769,349.5
4.5371232E7,-5.685,2.019,0.456,-0.91,-3.829,-4.898,-5.759,349.5
4.5422204E7,-5.677,2.028,0.479,-0.887,-3.812,-4.884,-5.748,349.5
4.5473184E7,-5.668,2.041,0.511,-0.855,-3.788,-4.866,-5.735,349.5
4.5523296E7,-5.657,2.053,0.54,-0.825,-3.766,-4.847,-5.721,349.5
4.5574272E7,-5.647,2.065,0.568,-0.797,-3.744,-4.829,-5.707,349.5
4.5625248E7,-5.637,2.076,0.592,-0.772,-3.725,-4.813,-5.694,349.5
4.5675364E7,-5.627,2.086,0.616,-0.747,-3.706,-4.797,-5.682,349.5
4.5726336E7,-5.618,2.095,0.634,-0.728,-3.69,-4.784,-5.671,349.5
4.5777312E7,-5.61,2.103,0.652,-0.709,-3.676,-4.771,-5.661,349.5
4.5828288E7,-5.602,2.112,0.67,-0.691,-3.661,-4.759,-5.651,349.5
4.58784E7,-5.595,2.117,0.68,-0.681,-3.652,-4.75,-5.643,349.5
4.592938E7,-5.588,2.123,0.692,-0.668,-3.642,-4.742,-5.636,349.5
4.5980352E7,-5.582,2.129,0.703,-0.656,-3.632,-4.733,-5.628,349.5
4.6030464E7,-5.575,2.137,0.723,-0.637,-3.617,-4.721,-5.619,349.5
4.6081436E7,-5.568,2.145,0.743,-0.616,-3.602,-4.708,-5.61,349.5
4.6132416E7,-5.559,2.157,0.774,-0.585,-3.579,-4.69,-5.597,349.5
4.6183396E7,-5.549,2.171,0.808,-0.549,-3.553,-4.67,-5.582,349.5
4.6233504E7,-5.536,2.187,0.85,-0.501,-3.521,-4.645,-5.564,349.5
4.628448E7,-5.524,2.203,0.887,-0.459,-3.492,-4.623,-5.547,349.5
4.6335456E7,-5.51,2.218,0.923,-0.417,-3.464,-4.6,-5.529,349.5
4.6385568E7,-5.497,2.232,0.954,-0.382,-3.439,-4.58,-5.513,349.5
4.6436544E7,-5.485,2.244,0.979,-0.353,-3.418,-4.563,-5.499,349.5
4.648752E7,-5.475,2.252,0.992,-0.338,-3.406,-4.551,-5.488,349.5
4.6538496E7,-5.468,2.256,0.997,-0.332,-3.4,-4.545,-5.482,349.5
4.6588604E7,-5.463,2.257,0.993,-0.337,-3.4,-4.543,-5.478,349.5
4.6639584E7,-5.46,2.256,0.983,-0.347,-3.405,-4.545,-5.478,349.5
4.6690564E7,-5.458,2.257,0.985,-0.346,-3.403,-4.543,-5.476,349.5
4.6740672E7,-5.455,2.257,0.982,-0.349,-3.404,-4.543,-5.474,349.5
4.6791648E7,-5.451,2.261,0.989,-0.341,-3.398,-4.538,-5.47,349.5
4.684262E7,-5.445,2.265,0.997,-0.332,-3.39,-4.531,-5.464,349.5
4.68936E7,-5.439,2.269,1.0,-0.327,-3.386,-4.526,-5.458,349.5
4.6943712E7,-5.434,2.269,0.995,-0.334,-3.387,-4.525,-5.455,349.5
4.6994688E7,-5.432,2.268,0.985,-0.345,-3.392,-4.527,-5.455,349.5
4.7045664E7,-5.432,2.26,0.957,-0.376,-3.409,-4.538,-5.46,349.5
4.709578E7,-5.435,2.254,0.94,-0.397,-3.422,-4.547,-5.466,349.5
4.7146752E7,-5.438,2.246,0.911,-0.43,-3.441,-4.56,-5.473,349.5
4.7197728E7,-5.439,2.246,0.916,-0.423,-3.438,-4.558,-5.474,349.5
4.7248704E7,-5.438,2.24,0.89,-0.453,-3.454,-4.568,-5.477,349.5
4.7298816E7,-5.437,2.236,0.872,-0.473,-3.464,-4.574,-5.48,349.5
4.7349796E7,-5.438,2.232,0.861,-0.484,-3.472,-4.579,-5.483,349.5
4.7400768E7,-5.439,2.22,0.817,-0.527,-3.499,-4.598,-5.492,349.5
4.745088E7,-5.443,2.21,0.786,-0.558,-3.519,-4.613,-5.501,349.5
4.7501856E7,-5.448,2.206,0.779,-0.566,-3.526,-4.619,-5.506,349.5
4.7552832E7,-5.448,2.197,0.745,-0.599,-3.547,-4.633,-5.513,349.5
4.7603804E7,-5.45,2.179,0.678,-0.665,-3.588,-4.66,-5.526,349.5
4.765392E7,-5.458,2.164,0.634,-0.708,-3.617,-4.683,-5.54,349.5
4.7704896E7,-5.467,2.158,0.624,-0.719,-3.628,-4.693,-5.549,349.5
4.7755872E7,-5.469,2.149,0.597,-0.746,-3.645,-4.705,-5.556,349.5
4.7805984E7,-5.47,2.135,0.542,-0.799,-3.678,-4.727,-5.567,349.5
4.7856964E7,-5.477,2.118,0.49,-0.851,-3.712,-4.752,-5.581,349.5
4.7907936E7,-5.485,2.115,0.49,-0.852,-3.716,-4.758,-5.588,349.5
4.7958912E7,-5.486,2.117,0.502,-0.841,-3.71,-4.754,-5.587,349.5
4.800902E7,-5.481,2.116,0.49,-0.852,-3.715,-4.755,-5.585,349.5
4.806E7,-5.478,2.107,0.449,-0.887,-3.735,-4.769,-5.589,349.5
4.811098E7,-5.477,2.093,0.391,-0.937,-3.767,-4.791,-5.598,349.5
4.8161088E7,-5.483,2.076,0.335,-0.987,-3.801,-4.817,-5.612,349.5
4.8212064E7,-5.492,2.068,0.32,-1.002,-3.814,-4.829,-5.622,349.5
4.8263036E7,-5.496,2.066,0.32,-1.002,-3.816,-4.831,-5.625,349.5
4.8314016E7,-5.497,2.06,0.298,-1.022,-3.829,-4.841,-5.63,349.5
4.8364128E7,-5.5,2.046,0.25,-1.064,-3.857,-4.861,-5.64,349.5
4.8415104E7,-5.507,2.021,0.162,-1.142,-3.908,-4.9,-5.66,349.5
4.846608E7,-5.523,1.987,0.06,-1.234,-3.973,-4.95,-5.69,349.5
4.8516196E7,-5.545,1.958,-0.019,-1.31,-4.026,-4.994,-5.72,349.5
4.8567168E7,-5.561,1.941,-0.06,-1.351,-4.055,-5.02,-5.74,349.5
4.8618144E7,-5.577,1.914,-0.143,-1.432,-4.105,-5.06,-5.764,349.5
4.866912E7,-5.6,1.86,-0.333,-1.617,-4.213,-5.143,-5.809,349.5
4.8719232E7,-5.629,1.799,-0.535,-1.815,-4.33,-5.235,-5.86,349.5
4.8770204E7,-5.661,1.759,-0.641,-1.921,-4.401,-5.295,-5.903,349.5
4.8821184E7,-5.686,1.726,-0.734,-2.019,-4.459,-5.342,-5.935,349.5
4.8871296E7,-5.724,1.651,-0.968,-2.271,-4.59,-5.441,-5.992,349.5
4.8922272E7,-5.759,1.556,-1.291,-2.618,-4.76,-5.565,-6.054,349.5
4.8973248E7,-5.802,1.446,-1.63,-2.988,-4.938,-5.691,-6.121,349.5
4.902422E7,-5.85,1.35,-1.872,-3.259,-5.073,-5.787,-6.182,349.5
4.9074336E7,-5.907,1.245,-2.132,-3.55,-5.222,-5.895,-6.252,349.5
4.9125312E7,-5.946,1.123,-2.425,-3.882,-5.369,-5.987,-6.304,349.5
4.9176288E7,-5.99,0.989,-2.709,-4.208,-5.512,-6.073,-6.357,349.5
4.92264E7,-6.04,0.871,-2.937,-4.467,-5.635,-6.153,-6.414,349.5
4.927738E7,-6.081,0.791,-3.062,-4.605,-5.709,-6.206,-6.458,349.5
4.9328352E7,-6.111,0.702,-3.207,-4.764,-5.783,-6.251,-6.491,349.5
4.9379328E7,-6.141,0.61,-3.358,-4.93,-5.86,-6.298,-6.524,349.5
4.9429436E7,-6.171,0.533,-3.467,-5.043,-5.92,-6.338,-6.557,349.5
4.9480416E7,-6.194,0.484,-3.527,-5.102,-5.956,-6.366,-6.582,349.5
4.9531396E7,-6.213,0.424,-3.6,-5.172,-5.995,-6.392,-6.603,349.5
4.9581504E7,-6.23,0.373,-3.663,-5.233,-6.029,-6.416,-6.622,349.5
4.963248E7,-6.247,0.334,-3.711,-5.28,-6.057,-6.437,-6.64,349.5
4.9683456E7,-6.258,0.305,-3.746,-5.314,-6.078,-6.452,-6.653,349.5
4.9733568E7,-6.269,0.259,-3.804,-5.368,-6.105,-6.468,-6.665,349.5
4.9784544E7,-6.276,0.249,-3.816,-5.381,-6.114,-6.476,-6.672,349.5
4.983552E7,-6.28,0.255,-3.808,-5.375,-6.115,-6.479,-6.677,349.5
4.9886496E7,-6.287,0.23,-3.839,-5.404,-6.13,-6.489,-6.684,349.5
4.9936604E7,-6.292,0.188,-3.88,-5.437,-6.146,-6.498,-6.69,349.5
4.9987584E7,-6.292,0.166,-3.9,-5.452,-6.153,-6.501,-6.691,349.5
5.0038564E7,-6.294,0.144,-3.92,-5.468,-6.161,-6.506,-6.694,349.5
5.0088672E7,-6.303,0.111,-3.952,-5.494,-6.178,-6.518,-6.705,349.5
5.0139648E7,-6.308,0.115,-3.95,-5.494,-6.181,-6.522,-6.709,349.5
5.019062E7,-6.312,0.085,-3.977,-5.516,-6.193,-6.53,-6.715,349.5
5.02416E7,-6.319,0.031,-4.027,-5.555,-6.213,-6.542,-6.724,349.5
5.0291712E7,-6.33,-0.018,-4.074,-5.594,-6.237,-6.558,-6.737,349.5
5.0342688E7,-6.339,-0.06,-4.113,-5.625,-6.255,-6.571,-6.747,349.5
5.0393664E7,-6.346,-0.101,-4.15,-5.655,-6.272,-6.582,-6.755,349.5
5.044378E7,-6.353,-0.128,-4.176,-5.677,-6.285,-6.592,-6.763,349.5
5.0494752E7,-6.361,-0.153,-4.198,-5.695,-6.298,-6.602,-6.773,349.5
5.0545728E7,-6.372,-0.186,-4.225,-5.716,-6.314,-6.615,-6.784,349.5
5.0596704E7,-6.381,-0.229,-4.258,-5.741,-6.331,-6.629,-6.795,349.5
5.0646816E7,-6.384,-0.249,-4.273,-5.752,-6.338,-6.633,-6.798,349.5
5.0697796E7,-6.383,-0.259,-4.279,-5.755,-6.339,-6.633,-6.798,349.5
5.0748768E7,-6.382,-0.277,-4.291,-5.762,-6.342,-6.634,-6.798,349.5
5.079888E7,-6.38,-0.293,-4.301,-5.768,-6.344,-6.634,-6.797,349.5
5.0849856E7,-6.379,-0.3,-4.305,-5.77,-6.344,-6.634,-6.796,349.5
5.0900832E7,-6.379,-0.308,-4.31,-5.773,-6.346,-6.634,-6.796,349.5
5.0951804E7,-6.379,-0.313,-4.314,-5.775,-6.347,-6.635,-6.796,349.5
5.100192E7,-6.379,-0.313,-4.313,-5.775,-6.346,-6.634,-6.796,349.5
5.1052896E7,-6.379,-0.318,-4.317,-5.778,-6.348,-6.635,-6.796,349.5
5.1103872E7,-6.381,-0.336,-4.329,-5.786,-6.353,-6.639,-6.799,349.5
5.1153984E7,-6.385,-0.359,-4.347,-5.799,-6.361,-6.645,-6.804,349.5
5.1204964E7,-6.391,-0.387,-4.368,-5.815,-6.372,-6.653,-6.811,349.5
5.1255936E7,-6.397,-0.41,-4.386,-5.829,-6.382,-6.661,-6.818,349.5
5.1306912E7,-6.402,-0.421,-4.396,-5.837,-6.389,-6.667,-6.823,349.5
5.135702E7,-6.404,-0.43,-4.403,-5.843,-6.393,-6.67,-6.826,349.5
5.1408E7,-6.403,-0.421,-4.397,-5.838,-6.39,-6.668,-6.824,349.5
5.145898E7,-6.399,-0.408,-4.386,-5.83,-6.383,-6.663,-6.82,349.5
5.1509088E7,-6.393,-0.391,-4.372,-5.818,-6.375,-6.656,-6.813,349.5
5.1560064E7,-6.387,-0.371,-4.356,-5.806,-6.365,-6.648,-6.806,349.5
5.1611036E7,-6.381,-0.355,-4.342,-5.795,-6.357,-6.641,-6.8,349.5
5.1662016E7,-6.376,-0.343,-4.332,-5.786,-6.35,-6.635,-6.795,349.5
5.1712128E7,-6.371,-0.332,-4.322,-5.777,-6.343,-6.628,-6.788,349.5
5.1763104E7,-6.365,-0.318,-4.31,-5.767,-6.335,-6.621,-6.782,349.5
5.181408E7,-6.358,-0.306,-4.299,-5.757,-6.327,-6.614,-6.775,349.5
5.1864196E7,-6.352,-0.291,-4.286,-5.747,-6.318,-6.607,-6.768,349.5
5.1915168E7,-6.346,-0.279,-4.276,-5.737,-6.311,-6.6,-6.762,349.5
5.1966144E7,-6.34,-0.268,-4.265,-5.729,-6.303,-6.593,-6.756,349.5
5.201712E7,-6.334,-0.251,-4.251,-5.717,-6.294,-6.586,-6.749,349.5
5.2067232E7,-6.328,-0.236,-4.239,-5.707,-6.286,-6.579,-6.743,349.5
5.2118204E7,-6.323,-0.226,-4.23,-5.699,-6.28,-6.573,-6.738,349.5
5.2169184E7,-6.321,-0.216,-4.222,-5.693,-6.275,-6.57,-6.734,349.5
5.2219296E7,-6.321,-0.211,-4.219,-5.691,-6.275,-6.57,-6.735,349.5
5.2270272E7,-6.324,-0.215,-4.223,-5.695,-6.279,-6.573,-6.738,349.5
5.2321248E7,-6.329,-0.232,-4.236,-5.705,-6.286,-6.579,-6.743,349.5
5.237222E7,-6.333,-0.253,-4.252,-5.717,-6.294,-6.585,-6.748,349.5
5.2422336E7,-6.335,-0.27,-4.264,-5.725,-6.299,-6.588,-6.75,349.5
5.2473312E7,-6.335,-0.275,-4.268,-5.728,-6.3,-6.589,-6.75,349.5
5.2524288E7,-6.333,-0.277,-4.268,-5.728,-6.299,-6.588,-6.749,349.5
5.25744E7,-6.332,-0.276,-4.267,-5.727,-6.298,-6.587,-6.748,349.5
5.262538E7,-6.331,-0.27,-4.262,-5.723,-6.296,-6.585,-6.747,349.5
5.2676352E7,-6.329,-0.267,-4.26,-5.721,-6.294,-6.583,-6.745,349.5
5.2727328E7,-6.329,-0.269,-4.261,-5.722,-6.294,-6.583,-6.745,349.5
5.2777436E7,-6.331,-0.281,-4.27,-5.728,-6.298,-6.586,-6.748,349.5
5.2828416E7,-6.336,-0.306,-4.289,-5.742,-6.308,-6.593,-6.754,349.5
5.2879396E7,-6.343,-0.328,-4.306,-5.756,-6.318,-6.601,-6.76,349.5
5.2929504E7,-6.348,-0.348,-4.322,-5.768,-6.327,-6.609,-6.767,349.5
5.298048E7,-6.352,-0.361,-4.332,-5.776,-6.333,-6.614,-6.771,349.5
5.3031456E7,-6.354,-0.373,-4.341,-5.782,-6.337,-6.617,-6.774,349.5
5.3082432E7,-6.353,-0.375,-4.342,-5.783,-6.336,-6.616,-6.773,349.5
5.3132544E7,-6.351,-0.37,-4.338,-5.779,-6.333,-6.613,-6.77,349.5
5.318352E7,-6.346,-0.363,-4.331,-5.773,-6.328,-6.608,-6.766,349.5
5.3234496E7,-6.342,-0.347,-4.318,-5.763,-6.321,-6.603,-6.761,349.5
5.3284604E7,-6.337,-0.327,-4.303,-5.751,-6.313,-6.596,-6.755,349.5
5.3335584E7,-6.332,-0.306,-4.286,-5.738,-6.304,-6.589,-6.749,349.5
5.3386564E7,-6.327,-0.287,-4.272,-5.727,-6.296,-6.583,-6.743,349.5
5.3437536E7,-6.323,-0.271,-4.259,-5.718,-6.289,-6.577,-6.739,349.5
5.3487648E7,-6.32,-0.261,-4.251,-5.711,-6.284,-6.573,-6.735,349.5
5.353862E7,-6.317,-0.254,-4.245,-5.706,-6.28,-6.57,-6.732,349.5
5.35896E7,-6.315,-0.247,-4.239,-5.701,-6.277,-6.567,-6.73,349.5
5.3639712E7,-6.312,-0.24,-4.234,-5.697,-6.273,-6.564,-6.727,349.5
5.3690688E7,-6.308,-0.233,-4.227,-5.691,-6.268,-6.56,-6.723,349.5
5.3741664E7,-6.304,-0.222,-4.218,-5.683,-6.262,-6.554,-6.718,349.5
5.379178E7,-6.299,-0.205,-4.204,-5.673,-6.254,-6.548,-6.712,349.5
5.3842752E7,-6.292,-0.188,-4.19,-5.661,-6.245,-6.54,-6.705,349.5
5.3893728E7,-6.285,-0.17,-4.175,-5.648,-6.235,-6.531,-6.697,349.5
5.3944704E7,-6.276,-0.146,-4.155,-5.632,-6.222,-6.52,-6.687,349.5
5.3994816E7,-6.267,-0.111,-4.128,-5.611,-6.207,-6.508,-6.677,349.5
5.4045796E7,-6.257,-0.073,-4.097,-5.587,-6.191,-6.495,-6.666,349.5
5.4096768E7,-6.248,-0.044,-4.07,-5.564,-6.175,-6.483,-6.656,349.5
5.414688E7,-6.239,-0.016,-4.043,-5.54,-6.16,-6.472,-6.645,349.5
5.4197856E7,-6.23,0.008,-4.02,-5.521,-6.146,-6.461,-6.636,349.5
5.4248832E7,-6.222,0.024,-4.003,-5.506,-6.135,-6.452,-6.628,349.5
5.4299804E7,-6.216,0.035,-3.992,-5.495,-6.127,-6.444,-6.621,349.5
5.434992E7,-6.21,0.046,-3.981,-5.485,-6.119,-6.438,-6.615,349.5
5.4400896E7,-6.205,0.058,-3.969,-5.475,-6.112,-6.432,-6.609,349.5
5.4451872E7,-6.201,0.072,-3.956,-5.463,-6.104,-6.426,-6.605,349.5
5.4501984E7,-6.197,0.086,-3.943,-5.452,-6.097,-6.421,-6.6,349.5
5.4552964E7,-6.194,0.097,-3.932,-5.443,-6.091,-6.416,-6.596,349.5
5.4603936E7,-6.19,0.111,-3.919,-5.432,-6.085,-6.411,-6.592,349.5
5.4654912E7,-6.186,0.123,-3.908,-5.422,-6.078,-6.406,-6.587,349.5
5.470502E7,-6.181,0.137,-3.893,-5.41,-6.07,-6.4,-6.582,349.5
5.4756E7,-6.175,0.157,-3.875,-5.394,-6.059,-6.392,-6.575,349.5
5.480698E7,-6.168,0.177,-3.856,-5.378,-6.049,-6.384,-6.568,349.5
5.4857088E7,-6.161,0.199,-3.834,-5.359,-6.036,-6.374,-6.56,349.5
5.4908064E7,-6.154,0.218,-3.816,-5.344,-6.025,-6.366,-6.552,349.5
5.4959036E7,-6.147,0.232,-3.802,-5.331,-6.015,-6.357,-6.544,349.5
5.5010016E7,-6.14,0.245,-3.788,-5.318,-6.006,-6.349,-6.537,349.5
5.5060128E7,-6.133,0.257,-3.776,-5.307,-5.997,-6.341,-6.529,349.5
5.5111104E7,-6.126,0.274,-3.759,-5.292,-5.987,-6.333,-6.522,349.5
5.516208E7,-6.121,0.294,-3.741,-5.277,-5.977,-6.325,-6.516,349.5
5.5212196E7,-6.116,0.311,-3.725,-5.263,-5.968,-6.319,-6.511,349.5
5.5263168E7,-6.112,0.324,-3.712,-5.252,-5.961,-6.314,-6.507,349.5
5.5314144E7,-6.109,0.333,-3.703,-5.245,-5.956,-6.31,-6.503,349.5
5.536512E7,-6.106,0.341,-3.695,-5.237,-5.951,-6.306,-6.5,349.5
5.5415232E7,-6.104,0.349,-3.686,-5.229,-5.947,-6.303,-6.497,349.5
5.5466204E7,-6.101,0.352,-3.681,-5.224,-5.943,-6.3,-6.495,349.5
5.5517184E7,-6.099,0.36,-3.672,-5.215,-5.938,-6.297,-6.492,349.5
5.5567296E7,-6.096,0.368,-3.663,-5.206,-5.933,-6.293,-6.489,349.5
5.5618272E7,-6.092,0.376,-3.653,-5.197,-5.927,-6.289,-6.485,349.5
5.5669248E7,-6.089,0.383,-3.644,-5.188,-5.922,-6.285,-6.482,349.5
5.572022E7,-6.085,0.392,-3.634,-5.178,-5.916,-6.28,-6.477,349.5
5.5770336E7,-6.082,0.4,-3.624,-5.168,-5.909,-6.275,-6.473,349.5
5.5821312E7,-6.077,0.411,-3.611,-5.155,-5.902,-6.27,-6.468,349.5
5.5872288E7,-6.073,0.417,-3.603,-5.147,-5.896,-6.265,-6.464,349.5
5.59224E7,-6.069,0.426,-3.592,-5.137,-5.89,-6.26,-6.46,349.5
5.597338E7,-6.065,0.432,-3.585,-5.129,-5.885,-6.256,-6.456,349.5
5.6024352E7,-6.062,0.436,-3.58,-5.124,-5.881,-6.252,-6.453,349.5
5.6075328E7,-6.06,0.439,-3.576,-5.12,-5.878,-6.25,-6.45,349.5
5.6125436E7,-6.058,0.442,-3.572,-5.116,-5.875,-6.248,-6.449,349.5
5.6176416E7,-6.057,0.445,-3.569,-5.113,-5.873,-6.247,-6.447,349.5
5.6227396E7,-6.056,0.446,-3.568,-5.113,-5.873,-6.246,-6.447,349.5
5.6277504E7,-6.056,0.446,-3.568,-5.112,-5.872,-6.245,-6.446,349.5
5.632848E7,-6.055,0.446,-3.567,-5.111,-5.871,-6.244,-6.445,349.5
5.6379456E7,-6.054,0.449,-3.564,-5.108,-5.869,-6.243,-6.444,349.5
5.6430432E7,-6.053,0.452,-3.561,-5.105,-5.867,-6.241,-6.443,349.5
5.6480544E7,-6.051,0.455,-3.557,-5.102,-5.865,-6.24,-6.441,349.5
5.653152E7,-6.05,0.458,-3.553,-5.098,-5.863,-6.238,-6.44,349.5
5.6582496E7,-6.048,0.461,-3.55,-5.094,-5.86,-6.236,-6.438,349.5
5.6632604E7,-6.046,0.466,-3.543,-5.088,-5.857,-6.233,-6.436,349.5
5.6683584E7,-6.044,0.473,-3.535,-5.08,-5.852,-6.23,-6.433,349.5
5.6734564E7,-6.042,0.478,-3.528,-5.074,-5.848,-6.228,-6.431,349.5
5.6785536E7,-6.04,0.484,-3.522,-5.067,-5.845,-6.225,-6.429,349.5
5.6835648E7,-6.038,0.487,-3.518,-5.063,-5.842,-6.223,-6.427,349.5
5.688662E7,-6.036,0.49,-3.515,-5.06,-5.84,-6.221,-6.425,349.5
5.69376E7,-6.035,0.492,-3.512,-5.057,-5.838,-6.22,-6.424,349.5
5.6987712E7,-6.035,0.491,-3.514,-5.059,-5.839,-6.22,-6.424,349.5
5.7038688E7,-6.035,0.487,-3.518,-5.063,-5.84,-6.22,-6.424,349.5
5.7089664E7,-6.036,0.484,-3.521,-5.066,-5.842,-6.221,-6.425,349.5
5.7140636E7,-6.037,0.478,-3.529,-5.073,-5.845,-6.223,-6.426,349.5
5.7190752E7,-6.038,0.473,-3.534,-5.078,-5.848,-6.225,-6.427,349.5
5.7241728E7,-6.038,0.471,-3.537,-5.081,-5.849,-6.226,-6.428,349.5
5.7292704E7,-6.039,0.471,-3.538,-5.081,-5.85,-6.226,-6.428,349.5
5.7342816E7,-6.039,0.471,-3.538,-5.081,-5.85,-6.226,-6.428,349.5
5.7393796E7,-6.038,0.473,-3.535,-5.079,-5.848,-6.225,-6.428,349.5
5.7444768E7,-6.038,0.475,-3.532,-5.076,-5.847,-6.225,-6.427,349.5
5.7495744E7,-6.037,0.477,-3.529,-5.073,-5.846,-6.224,-6.426,349.5
5.7545856E7,-6.036,0.48,-3.526,-5.071,-5.844,-6.222,-6.426,349.5
5.7596832E7,-6.035,0.483,-3.523,-5.067,-5.842,-6.221,-6.424,349.5
5.7647804E7,-6.034,0.485,-3.52,-5.064,-5.84,-6.22,-6.423,349.5
5.769792E7,-6.033,0.486,-3.519,-5.063,-5.839,-6.218,-6.422,349.5
5.7748896E7,-6.032,0.489,-3.516,-5.06,-5.837,-6.217,-6.421,349.5
5.7799872E7,-6.031,0.491,-3.513,-5.057,-5.835,-6.216,-6.42,349.5
5.7849984E7,-6.03,0.494,-3.51,-5.054,-5.834,-6.215,-6.419,349.5
5.7900964E7,-6.03,0.49,-3.514,-5.058,-5.835,-6.215,-6.419,349.5
5.7951936E7,-6.031,0.486,-3.519,-5.063,-5.837,-6.216,-6.42,349.5
5.8002912E7,-6.032,0.479,-3.527,-5.07,-5.841,-6.218,-6.421,349.5
5.805302E7,-6.033,0.469,-3.539,-5.082,-5.846,-6.221,-6.423,349.5
5.8104E7,-6.034,0.462,-3.547,-5.089,-5.85,-6.223,-6.424,349.5
5.815498E7,-6.035,0.454,-3.557,-5.098,-5.853,-6.225,-6.425,349.5
5.8205088E7,-6.036,0.445,-3.567,-5.108,-5.858,-6.227,-6.426,349.5
5.8256064E7,-6.036,0.437,-3.577,-5.116,-5.861,-6.228,-6.427,349.5
5.8307036E7,-6.037,0.437,-3.577,-5.117,-5.862,-6.229,-6.428,349.5
5.8358016E7,-6.037,0.437,-3.577,-5.117,-5.862,-6.229,-6.428,349.5
5.8408128E7,-6.037,0.439,-3.575,-5.115,-5.861,-6.229,-6.428,349.5
5.8459104E7,-6.037,0.441,-3.572,-5.112,-5.86,-6.228,-6.427,349.5
5.851008E7,-6.036,0.441,-3.572,-5.112,-5.859,-6.228,-6.427,349.5
5.8560196E7,-6.036,0.442,-3.572,-5.112,-5.859,-6.227,-6.426,349.5
5.8611168E7,-6.035,0.442,-3.571,-5.111,-5.859,-6.227,-6.426,349.5
5.8662144E7,-6.035,0.442,-3.571,-5.111,-5.859,-6.227,-6.426,349.5
5.871312E7,-6.036,0.438,-3.576,-5.116,-5.861,-6.228,-6.426,349.5
5.8763232E7,-6.037,0.431,-3.584,-5.123,-5.864,-6.23,-6.428,349.5
5.8814204E7,-6.038,0.421,-3.597,-5.135,-5.869,-6.232,-6.429,349.5
5.8865184E7,-6.041,0.409,-3.61,-5.147,-5.876,-6.236,-6.432,349.5
5.8915296E7,-6.043,0.396,-3.626,-5.162,-5.883,-6.24,-6.435,349.5
5.8966272E7,-6.046,0.383,-3.642,-5.177,-5.89,-6.245,-6.438,349.5
5.9017248E7,-6.048,0.368,-3.656,-5.19,-5.897,-6.249,-6.441,349.5
5.906822E7,-6.05,0.355,-3.668,-5.199,-5.902,-6.252,-6.444,349.5
5.9118336E7,-6.052,0.345,-3.677,-5.207,-5.906,-6.255,-6.446,349.5
5.9169312E7,-6.054,0.339,-3.682,-5.211,-5.909,-6.257,-6.448,349.5
5.9220288E7,-6.056,0.336,-3.686,-5.214,-5.912,-6.259,-6.45,349.5
5.92704E7,-6.057,0.33,-3.692,-5.219,-5.915,-6.262,-6.452,349.5
5.932138E7,-6.059,0.322,-3.699,-5.225,-5.918,-6.264,-6.454,349.5
5.9372352E7,-6.061,0.316,-3.704,-5.23,-5.921,-6.267,-6.456,349.5
5.9423328E7,-6.063,0.308,-3.712,-5.236,-5.925,-6.269,-6.458,349.5
5.9473436E7,-6.065,0.3,-3.72,-5.242,-5.929,-6.272,-6.461,349.5
5.9524416E7,-6.068,0.289,-3.73,-5.251,-5.935,-6.276,-6.464,349.5
5.9575396E7,-6.071,0.278,-3.74,-5.26,-5.941,-6.281,-6.468,349.5
5.9625504E7,-6.075,0.266,-3.751,-5.269,-5.947,-6.286,-6.472,349.5
5.967648E7,-6.08,0.251,-3.765,-5.281,-5.955,-6.292,-6.477,349.5
5.9727456E7,-6.086,0.229,-3.786,-5.299,-5.966,-6.3,-6.484,349.5
5.9778432E7,-6.092,0.207,-3.807,-5.316,-5.977,-6.308,-6.491,349.5
5.9828544E7,-6.099,0.182,-3.83,-5.336,-5.99,-6.318,-6.499,349.5
5.987952E7,-6.106,0.154,-3.856,-5.358,-6.003,-6.328,-6.507,349.5
5.9930496E7,-6.114,0.129,-3.88,-5.378,-6.017,-6.338,-6.516,349.5
5.9980604E7,-6.121,0.099,-3.907,-5.401,-6.031,-6.348,-6.524,349.5
6.0031584E7,-6.129,0.071,-3.933,-5.423,-6.045,-6.358,-6.533,349.5
6.0082564E7,-6.138,0.049,-3.955,-5.442,-6.058,-6.369,-6.543,349.5
6.0133536E7,-6.147,0.027,-3.976,-5.461,-6.072,-6.38,-6.553,349.5
6.0183648E7,-6.157,0.005,-3.998,-5.481,-6.086,-6.392,-6.564,349.5
6.023462E7,-6.168,-0.026,-4.027,-5.505,-6.104,-6.406,-6.576,349.5
6.02856E7,-6.18,-0.065,-4.058,-5.53,-6.122,-6.421,-6.589,349.5
6.0335712E7,-6.194,-0.12,-4.1,-5.562,-6.145,-6.44,-6.605,349.5
6.0386688E7,-6.208,-0.171,-4.139,-5.593,-6.168,-6.458,-6.621,349.5
